时间戳,价格(USD),开盘价,最高价,最低价,成交量,涨跌额,涨跌幅(%),静态市盈率,动态市盈率,数据源
2026-07-13 20:54:28,669.21,660.34,677.86,658.01,40608860,37.73,5.00,6.97,24.33,腾讯财经
2026-07-13 21:07:14,669.21,660.34,677.86,658.01,40608860,37.73,5.00,24.33,腾讯财经
2026-07-13 21:08:18,669.21,660.34,677.86,658.01,40608860,37.73,5.00,24.33,腾讯财经
2026-07-13 21:09:09,669.21,660.34,677.86,658.01,40608860,37.73,5.00,24.33,腾讯财经
2026-07-13 22:18:36,656.76,661.38,676.62,654.55,4794793,-12.45,-1.00,23.88,腾讯财经
2026-07-13 22:18:36,656.76,661.38,676.62,654.55,4794793,-12.45,-1.00,23.88,腾讯财经
2026-07-13 22:20:00,656.00,661.38,676.62,654.55,4851560,-13.21,-1.00,23.85,腾讯财经
2026-07-13 22:30:00,657.03,661.38,676.62,654.20,5304267,-12.18,-1.00,23.89,腾讯财经
2026-07-13 22:40:03,658.37,661.38,676.62,654.20,5590352,-10.84,-1.00,23.94,腾讯财经
2026-07-13 22:50:01,659.78,661.38,676.62,654.20,5903255,-9.43,-1.00,23.99,腾讯财经
2026-07-13 23:00:00,661.73,661.38,676.62,654.20,6475515,-7.48,-1.00,24.06,腾讯财经
2026-07-13 23:10:00,659.97,661.38,676.62,654.20,6893073,-9.24,-1.00,24.00,腾讯财经
2026-07-13 23:20:00,658.71,661.38,676.62,654.20,7234517,-10.50,-1.00,23.95,腾讯财经
2026-07-13 23:30:00,659.40,661.38,676.62,654.20,7498851,-9.81,-1.00,23.98,腾讯财经
2026-07-13 23:40:01,662.43,661.38,676.62,654.20,7853595,-6.78,-1.00,24.09,腾讯财经
2026-07-13 23:50:02,660.87,661.38,676.62,654.20,8083743,-8.34,-1.00,24.03,腾讯财经
2026-07-14 00:00:01,660.05,661.38,676.62,654.20,8307539,-9.16,-1.00,24.00,腾讯财经
2026-07-14 00:10:01,660.13,661.38,676.62,654.20,8532949,-9.08,-1.00,24.00,腾讯财经
2026-07-14 00:20:03,660.57,661.38,676.62,654.20,8741688,-8.64,-1.00,24.02,腾讯财经
2026-07-14 00:30:00,660.30,661.38,676.62,654.20,8910597,-8.91,-1.00,24.01,腾讯财经
2026-07-14 00:40:04,660.62,661.38,676.62,654.20,9151031,-8.59,-1.00,24.02,腾讯财经
2026-07-14 00:50:04,661.62,661.38,676.62,654.20,9452987,-7.59,-1.00,24.06,腾讯财经
2026-07-14 01:00:00,659.20,661.38,676.62,654.20,9682688,-10.01,-1.00,23.97,腾讯财经
2026-07-14 01:10:04,659.41,661.38,676.62,654.20,9944681,-9.80,-1.00,23.98,腾讯财经
2026-07-14 01:20:00,661.25,661.38,676.62,654.20,10136142,-7.96,-1.00,24.05,腾讯财经
2026-07-14 01:30:04,660.83,661.38,676.62,654.20,10539480,-8.38,-1.00,24.03,腾讯财经
2026-07-14 01:40:05,660.83,661.38,676.62,654.20,10784353,-8.38,-1.00,24.03,腾讯财经
2026-07-14 01:50:00,660.66,661.38,676.62,654.20,11201467,-8.55,-1.00,24.02,腾讯财经
2026-07-14 02:00:00,660.83,661.38,676.62,654.20,11348765,-8.38,-1.00,24.03,腾讯财经
2026-07-14 02:10:00,661.63,661.38,676.62,654.20,11558336,-7.58,-1.00,24.06,腾讯财经
2026-07-14 02:20:02,660.61,661.38,676.62,654.20,11786786,-8.60,-1.00,24.02,腾讯财经
2026-07-14 02:30:00,662.75,661.38,676.62,654.20,12027603,-6.46,0,24.10,腾讯财经
2026-07-14 02:40:00,660.55,661.38,676.62,654.20,12336655,-8.66,-1.00,24.02,腾讯财经
2026-07-14 02:50:00,661.41,661.38,676.62,654.20,12628888,-7.80,-1.00,24.05,腾讯财经
2026-07-14 03:00:00,661.34,661.38,676.62,654.20,12811573,-7.87,-1.00,24.05,腾讯财经
2026-07-14 03:10:03,662.09,661.38,676.62,654.20,13090134,-7.12,-1.00,24.08,腾讯财经
2026-07-14 03:20:00,660.08,661.38,676.62,654.20,13338849,-9.13,-1.00,24.00,腾讯财经
2026-07-14 03:30:00,658.49,661.38,676.62,654.20,13609715,-10.72,-1.00,23.95,腾讯财经
2026-07-14 03:40:02,657.61,661.38,676.62,654.20,13932119,-11.60,-1.00,23.91,腾讯财经
2026-07-14 03:50:00,657.48,661.38,676.62,654.20,14328787,-11.73,-1.00,23.91,腾讯财经
2026-07-14 04:00:00,656.95,661.38,676.62,654.20,15650810,-12.26,-1.00,23.89,腾讯财经
2026-07-14 04:10:02,656.73,661.38,676.62,654.20,18933782,-12.48,-1.00,23.88,腾讯财经
2026-07-14 04:20:00,656.73,661.38,676.62,654.20,18958661,-12.48,-1.00,23.88,腾讯财经
2026-07-14 04:30:05,656.73,661.38,676.62,654.20,18972017,-12.48,-1.00,23.88,腾讯财经
2026-07-14 04:40:00,656.73,661.38,676.62,654.20,18975877,-12.48,-1.00,23.88,腾讯财经
2026-07-14 04:50:00,656.73,661.38,676.62,654.20,19218068,-12.48,-1.00,23.88,腾讯财经
2026-07-14 05:00:00,656.73,661.38,676.62,654.20,19223846,-12.48,-1.00,23.88,腾讯财经
2026-07-14 05:10:02,656.73,661.38,676.62,654.20,19338894,-12.48,-1.00,23.88,腾讯财经
2026-07-14 05:20:03,656.73,661.38,676.62,654.20,19341361,-12.48,-1.00,23.88,腾讯财经
2026-07-14 05:30:02,656.73,661.38,676.62,654.20,19799768,-12.48,-1.00,23.88,腾讯财经
2026-07-14 05:40:03,656.73,661.38,676.62,654.20,19801759,-12.48,-1.00,23.88,腾讯财经
2026-07-14 05:50:00,656.73,661.38,676.62,654.20,19803605,-12.48,-1.00,23.88,腾讯财经
2026-07-14 06:00:00,656.73,661.38,676.62,654.20,19807681,-12.48,-1.00,23.88,腾讯财经
2026-07-14 06:10:02,656.73,661.38,676.62,654.20,19808986,-12.48,-1.00,23.88,腾讯财经
2026-07-14 06:20:03,656.73,661.38,676.62,654.20,19809579,-12.48,-1.00,23.88,腾讯财经
2026-07-14 06:30:00,656.73,661.38,676.62,654.20,19810391,-12.48,-1.00,23.88,腾讯财经
2026-07-14 06:40:00,656.73,661.38,676.62,654.20,19814976,-12.48,-1.00,23.88,腾讯财经
2026-07-14 06:50:00,656.73,661.38,676.62,654.20,19817649,-12.48,-1.00,23.88,腾讯财经
2026-07-14 07:00:02,656.73,661.38,676.62,654.20,19819563,-12.48,-1.00,23.88,腾讯财经
2026-07-14 07:10:00,656.73,661.38,676.62,654.20,19822739,-12.48,-1.00,23.88,腾讯财经
2026-07-14 07:20:05,656.73,661.38,676.62,654.20,19824153,-12.48,-1.00,23.88,腾讯财经
2026-07-14 07:30:01,656.73,661.38,676.62,654.20,19824921,-12.48,-1.00,23.88,腾讯财经
2026-07-14 07:40:00,656.73,661.38,676.62,654.20,19828257,-12.48,-1.00,23.88,腾讯财经
2026-07-14 07:50:00,656.73,661.38,676.62,654.20,19834131,-12.48,-1.00,23.88,腾讯财经
2026-07-14 08:40:05,656.73,661.38,676.62,654.20,19840702,-12.48,-1.00,23.88,腾讯财经
2026-07-14 08:50:05,656.73,661.38,676.62,654.20,19840702,-12.48,-1.00,23.88,腾讯财经
2026-07-14 09:00:00,656.73,661.38,676.62,654.20,19840702,-12.48,-1.00,23.88,腾讯财经
2026-07-14 09:10:00,656.73,661.38,676.62,654.20,19840702,-12.48,-1.00,23.88,腾讯财经
2026-07-14 09:20:00,656.73,661.38,676.62,654.20,19840702,-12.48,-1.00,23.88,腾讯财经
2026-07-14 09:30:00,656.73,661.38,676.62,654.20,19840702,-12.48,-1.00,23.88,腾讯财经
2026-07-14 09:40:01,656.73,661.38,676.62,654.20,19840702,-12.48,-1.00,23.88,腾讯财经
2026-07-14 09:50:04,656.73,661.38,676.62,654.20,19840702,-12.48,-1.00,23.88,腾讯财经
2026-07-14 10:00:04,656.73,661.38,676.62,654.20,19840702,-12.48,-1.00,23.88,腾讯财经
2026-07-14 10:10:00,656.73,661.38,676.62,654.20,19840702,-12.48,-1.00,23.88,腾讯财经
2026-07-14 10:20:03,656.73,661.38,676.62,654.20,19840702,-12.48,-1.00,23.88,腾讯财经
2026-07-14 10:30:00,656.73,661.38,676.62,654.20,19840702,-12.48,-1.00,23.88,腾讯财经
2026-07-14 10:40:00,656.73,661.38,676.62,654.20,19840702,-12.48,-1.00,23.88,腾讯财经
2026-07-14 10:50:01,656.73,661.38,676.62,654.20,19840702,-12.48,-1.00,23.88,腾讯财经
2026-07-14 11:00:04,656.73,661.38,676.62,654.20,19840702,-12.48,-1.00,23.88,腾讯财经
2026-07-14 11:10:04,656.73,661.38,676.62,654.20,19840702,-12.48,-1.00,23.88,腾讯财经
2026-07-14 11:20:00,656.73,661.38,676.62,654.20,19840702,-12.48,-1.00,23.88,腾讯财经
2026-07-14 11:30:04,656.73,661.38,676.62,654.20,19840702,-12.48,-1.00,23.88,腾讯财经
2026-07-14 11:40:03,656.73,661.38,676.62,654.20,19840702,-12.48,-1.00,23.88,腾讯财经
2026-07-14 11:50:00,656.73,661.38,676.62,654.20,19840702,-12.48,-1.00,23.88,腾讯财经
2026-07-14 12:00:00,656.73,661.38,676.62,654.20,19840702,-12.48,-1.00,23.88,腾讯财经
2026-07-14 12:10:04,656.73,661.38,676.62,654.20,19840702,-12.48,-1.00,23.88,腾讯财经
2026-07-14 12:20:00,656.73,661.38,676.62,654.20,19840702,-12.48,-1.00,23.88,腾讯财经
2026-07-14 12:30:00,656.73,661.38,676.62,654.20,19840702,-12.48,-1.00,23.88,腾讯财经
2026-07-14 12:40:01,656.73,661.38,676.62,654.20,19840702,-12.48,-1.00,23.88,腾讯财经
2026-07-14 12:50:00,656.73,661.38,676.62,654.20,19840702,-12.48,-1.00,23.88,腾讯财经
2026-07-14 13:00:01,656.73,661.38,676.62,654.20,19840702,-12.48,-1.00,23.88,腾讯财经
2026-07-14 13:10:04,656.73,661.38,676.62,654.20,19840702,-12.48,-1.00,23.88,腾讯财经
2026-07-14 13:20:00,656.73,661.38,676.62,654.20,19840702,-12.48,-1.00,23.88,腾讯财经
2026-07-14 13:30:00,656.73,661.38,676.62,654.20,19840702,-12.48,-1.00,23.88,腾讯财经
2026-07-14 13:40:03,656.73,661.38,676.62,654.20,19840702,-12.48,-1.00,23.88,腾讯财经
2026-07-14 13:50:00,656.73,661.38,676.62,654.20,19840702,-12.48,-1.00,23.88,腾讯财经
2026-07-14 14:00:01,656.73,661.38,676.62,654.20,19840702,-12.48,-1.00,23.88,腾讯财经
2026-07-14 14:10:01,656.73,661.38,676.62,654.20,19840702,-12.48,-1.00,23.88,腾讯财经
2026-07-14 14:20:00,656.73,661.38,676.62,654.20,19840702,-12.48,-1.00,23.88,腾讯财经
2026-07-14 14:30:03,656.73,661.38,676.62,654.20,19840702,-12.48,-1.00,23.88,腾讯财经
2026-07-14 14:40:01,656.73,661.38,676.62,654.20,19840702,-12.48,-1.00,23.88,腾讯财经
2026-07-14 14:50:05,656.73,661.38,676.62,654.20,19840702,-12.48,-1.00,23.88,腾讯财经
2026-07-14 15:00:02,656.73,661.38,676.62,654.20,19840702,-12.48,-1.00,23.88,腾讯财经
2026-07-14 15:10:04,656.73,661.38,676.62,654.20,19840702,-12.48,-1.00,23.88,腾讯财经
2026-07-14 15:20:00,656.73,661.38,676.62,654.20,19840702,-12.48,-1.00,23.88,腾讯财经
2026-07-14 15:30:00,656.73,661.38,676.62,654.20,19840702,-12.48,-1.00,23.88,腾讯财经
2026-07-14 15:40:02,656.73,661.38,676.62,654.20,19840702,-12.48,-1.00,23.88,腾讯财经
2026-07-14 15:50:00,656.73,661.38,676.62,654.20,19840702,-12.48,-1.00,23.88,腾讯财经
2026-07-14 16:00:00,656.73,661.38,676.62,654.20,19840702,-12.48,-1.00,23.88,腾讯财经
2026-07-14 16:10:00,656.73,661.38,676.62,654.20,19840702,-12.48,-1.00,23.88,腾讯财经
2026-07-14 16:20:00,656.73,661.38,676.62,654.20,19840702,-12.48,-1.00,23.88,腾讯财经
2026-07-14 16:30:01,656.73,661.38,676.62,654.20,19840702,-12.48,-1.00,23.88,腾讯财经
2026-07-14 16:40:02,656.73,661.38,676.62,654.20,19840702,-12.48,-1.00,23.88,腾讯财经
2026-07-14 16:50:04,656.73,661.38,676.62,654.20,19840702,-12.48,-1.00,23.88,腾讯财经
2026-07-14 17:00:02,656.73,661.38,676.62,654.20,19840702,-12.48,-1.00,23.88,腾讯财经
2026-07-14 17:10:01,656.73,661.38,676.62,654.20,19840702,-12.48,-1.00,23.88,腾讯财经
2026-07-14 17:20:00,656.73,661.38,676.62,654.20,19840702,-12.48,-1.00,23.88,腾讯财经
2026-07-14 17:30:00,656.73,661.38,676.62,654.20,19840702,-12.48,-1.00,23.88,腾讯财经
2026-07-14 18:37:43,656.73,661.38,676.62,654.20,19840702,-12.48,-1.00,23.88,腾讯财经
2026-07-14 18:40:02,656.73,661.38,676.62,654.20,19840702,-12.48,-1.00,23.88,腾讯财经
2026-07-14 18:50:00,656.73,661.38,676.62,654.20,19840702,-12.48,-1.00,23.88,腾讯财经
2026-07-14 19:00:00,656.73,661.38,676.62,654.20,19840702,-12.48,-1.00,23.88,腾讯财经
2026-07-14 19:10:03,656.73,661.38,676.62,654.20,19840702,-12.48,-1.00,23.88,腾讯财经
2026-07-14 19:20:00,656.73,661.38,676.62,654.20,19840702,-12.48,-1.00,23.88,腾讯财经
2026-07-14 19:30:03,656.73,661.38,676.62,654.20,19840702,-12.48,-1.00,23.88,腾讯财经
2026-07-14 19:40:00,656.73,661.38,676.62,654.20,19840702,-12.48,-1.00,23.88,腾讯财经
2026-07-14 19:50:01,656.73,661.38,676.62,654.20,19840702,-12.48,-1.00,23.88,腾讯财经
2026-07-14 20:00:05,656.73,661.38,676.62,654.20,19840702,-12.48,-1.00,23.88,腾讯财经
2026-07-14 20:10:05,656.73,661.38,676.62,654.20,19840702,-12.48,-1.00,23.88,腾讯财经
2026-07-14 20:20:04,656.73,661.38,676.62,654.20,19840702,-12.48,-1.00,23.88,腾讯财经
2026-07-14 20:30:05,656.73,661.38,676.62,654.20,19840702,-12.48,-1.00,23.88,腾讯财经
2026-07-14 20:40:00,656.73,661.38,676.62,654.20,19840702,-12.48,-1.00,23.88,腾讯财经
2026-07-14 20:50:03,656.73,661.38,676.62,654.20,19840702,-12.48,-1.00,23.88,腾讯财经
2026-07-14 21:00:03,656.73,661.38,676.62,654.20,19840702,-12.48,-1.00,23.88,腾讯财经
2026-07-14 21:10:03,656.73,661.38,676.62,654.20,19840702,-12.48,-1.00,23.88,腾讯财经
2026-07-14 21:20:00,656.73,661.38,676.62,654.20,19840702,-12.48,-1.00,23.88,腾讯财经
2026-07-14 21:30:05,656.73,0.00,0.00,0.00,390137,0,0,23.88,腾讯财经
2026-07-14 21:40:01,658.99,652.00,659.40,649.05,1188321,2.26,0,23.96,腾讯财经
2026-07-14 21:50:01,659.63,652.00,662.65,649.05,1658005,2.90,0,23.99,腾讯财经
2026-07-14 22:00:03,660.70,652.00,662.65,649.05,2114576,3.97,0,24.03,腾讯财经
2026-07-14 22:10:03,657.81,652.00,662.65,649.05,2540527,1.08,0,23.92,腾讯财经
2026-07-14 22:20:00,658.30,652.00,662.65,649.05,2832239,1.57,0,23.94,腾讯财经
2026-07-14 22:30:01,656.77,652.00,662.65,649.05,3174266,.04,0,23.88,腾讯财经
2026-07-14 22:40:00,662.04,652.00,664.28,649.05,3733728,5.31,0,24.07,腾讯财经
2026-07-14 22:50:00,661.54,652.00,664.28,649.05,4016569,4.81,0,24.06,腾讯财经
2026-07-14 23:00:01,662.09,652.00,664.28,649.05,4167714,5.36,0,24.08,腾讯财经
2026-07-14 23:10:02,663.14,652.00,664.28,649.05,4420359,6.41,0,24.11,腾讯财经
2026-07-14 23:20:00,661.87,652.00,664.28,649.05,4600885,5.14,0,24.07,腾讯财经
2026-07-14 23:30:00,660.41,652.00,664.28,649.05,4808090,3.68,0,24.01,腾讯财经
2026-07-14 23:40:00,657.88,652.00,664.28,649.05,5092866,1.15,0,23.92,腾讯财经
2026-07-14 23:50:03,656.70,652.00,664.28,649.05,5295789,-.03,0,23.88,腾讯财经
2026-07-15 00:00:00,656.46,652.00,664.28,649.05,5465111,-.27,0,23.87,腾讯财经
2026-07-15 00:10:01,656.58,652.00,664.28,649.05,5589417,-.15,0,23.88,腾讯财经
2026-07-15 00:20:00,657.12,652.00,664.28,649.05,5696086,.39,0,23.90,腾讯财经
2026-07-15 00:30:01,658.31,652.00,664.28,649.05,5839446,1.58,0,23.94,腾讯财经
2026-07-15 00:40:00,663.32,652.00,664.60,649.05,6214654,6.59,1.00,24.12,腾讯财经
2026-07-15 00:50:00,663.46,652.00,665.08,649.05,6467303,6.73,1.00,24.13,腾讯财经
2026-07-15 01:00:00,663.76,652.00,666.50,649.05,6709667,7.03,1.00,24.14,腾讯财经
2026-07-15 01:10:00,662.20,652.00,666.50,649.05,6861000,5.47,0,24.08,腾讯财经
2026-07-15 01:20:03,661.25,652.00,666.50,649.05,7015368,4.52,0,24.05,腾讯财经
2026-07-15 01:30:04,663.09,652.00,666.50,649.05,7154098,6.36,0,24.11,腾讯财经
2026-07-15 01:40:00,663.87,652.00,666.50,649.05,7285706,7.14,1.00,24.14,腾讯财经
2026-07-15 01:50:03,662.67,652.00,666.50,649.05,7396994,5.94,0,24.10,腾讯财经
2026-07-15 02:00:01,661.26,652.00,666.50,649.05,7499627,4.53,0,24.05,腾讯财经
2026-07-15 02:10:00,661.08,652.00,666.50,649.05,7652487,4.35,0,24.04,腾讯财经
2026-07-15 02:20:00,659.83,652.00,666.50,649.05,7816859,3.10,0,23.99,腾讯财经
2026-07-15 02:30:00,661.81,652.00,666.50,649.05,8026423,5.08,0,24.07,腾讯财经
2026-07-15 02:40:00,660.41,652.00,666.50,649.05,8116784,3.68,0,24.01,腾讯财经
2026-07-15 02:50:00,659.39,652.00,666.50,649.05,8323082,2.66,0,23.98,腾讯财经
2026-07-15 03:00:00,658.62,652.00,666.50,649.05,8431395,1.89,0,23.95,腾讯财经
2026-07-15 03:10:01,659.33,652.00,666.50,649.05,8682299,2.60,0,23.98,腾讯财经
2026-07-15 03:20:02,658.15,652.00,666.50,649.05,8899075,1.42,0,23.93,腾讯财经
2026-07-15 03:30:04,660.31,652.00,666.50,649.05,9148808,3.58,0,24.01,腾讯财经
2026-07-15 03:40:00,659.02,652.00,666.50,649.05,9943652,2.29,0,23.96,腾讯财经
2026-07-15 03:50:05,658.68,652.00,666.50,649.05,10401758,1.95,0,23.95,腾讯财经
2026-07-15 04:00:04,661.08,652.00,666.50,649.05,11430406,4.35,0,24.04,腾讯财经
2026-07-15 04:10:00,661.04,652.00,666.50,649.05,14955441,4.31,0,24.04,腾讯财经
2026-07-15 04:20:00,661.04,652.00,666.50,649.05,14963356,4.31,0,24.04,腾讯财经
2026-07-15 04:30:02,661.04,652.00,666.50,649.05,14966870,4.31,0,24.04,腾讯财经
2026-07-15 04:40:02,661.04,652.00,666.50,649.05,14970826,4.31,0,24.04,腾讯财经
2026-07-15 04:50:00,661.04,652.00,666.50,649.05,16054205,4.31,0,24.04,腾讯财经
2026-07-15 05:00:00,661.04,652.00,666.50,649.05,16063475,4.31,0,24.04,腾讯财经
2026-07-15 05:10:01,661.04,652.00,666.50,649.05,16065201,4.31,0,24.04,腾讯财经
2026-07-15 05:20:00,661.04,652.00,666.50,649.05,16067666,4.31,0,24.04,腾讯财经
2026-07-15 05:30:00,661.04,652.00,666.50,649.05,16715100,4.31,0,24.04,腾讯财经
2026-07-15 05:40:00,661.04,652.00,666.50,649.05,16718907,4.31,0,24.04,腾讯财经
2026-07-15 05:50:00,661.04,652.00,666.50,649.05,16722995,4.31,0,24.04,腾讯财经
2026-07-15 06:00:03,661.04,652.00,666.50,649.05,16729493,4.31,0,24.04,腾讯财经
2026-07-15 06:10:02,661.04,652.00,666.50,649.05,16730536,4.31,0,24.04,腾讯财经
2026-07-15 06:20:00,661.04,652.00,666.50,649.05,16732060,4.31,0,24.04,腾讯财经
2026-07-15 06:30:00,661.04,652.00,666.50,649.05,16733122,4.31,0,24.04,腾讯财经
2026-07-15 06:40:02,661.04,652.00,666.50,649.05,16734423,4.31,0,24.04,腾讯财经
2026-07-15 06:50:00,661.04,652.00,666.50,649.05,16734818,4.31,0,24.04,腾讯财经
2026-07-15 07:00:00,661.04,652.00,666.50,649.05,16736055,4.31,0,24.04,腾讯财经
2026-07-15 07:10:00,661.04,652.00,666.50,649.05,16738388,4.31,0,24.04,腾讯财经
2026-07-15 07:20:01,661.04,652.00,666.50,649.05,16738890,4.31,0,24.04,腾讯财经
2026-07-15 07:30:00,661.04,652.00,666.50,649.05,16741630,4.31,0,24.04,腾讯财经
2026-07-15 07:40:01,661.04,652.00,666.50,649.05,16744236,4.31,0,24.04,腾讯财经
2026-07-15 07:50:01,661.04,652.00,666.50,649.05,16745315,4.31,0,24.04,腾讯财经
2026-07-15 08:40:03,661.04,652.00,666.50,649.05,16748239,4.31,0,24.04,腾讯财经
2026-07-15 08:50:01,661.04,652.00,666.50,649.05,16748239,4.31,0,24.04,腾讯财经
2026-07-15 09:00:05,661.04,652.00,666.50,649.05,16748239,4.31,0,24.04,腾讯财经
2026-07-15 09:10:00,661.04,652.00,666.50,649.05,16748239,4.31,0,24.04,腾讯财经
2026-07-15 09:20:00,661.04,652.00,666.50,649.05,16748239,4.31,0,24.04,腾讯财经
2026-07-15 09:30:00,661.04,652.00,666.50,649.05,16748239,4.31,0,24.04,腾讯财经
2026-07-15 09:40:00,661.04,652.00,666.50,649.05,16748239,4.31,0,24.04,腾讯财经
2026-07-15 09:50:00,661.04,652.00,666.50,649.05,16748239,4.31,0,24.04,腾讯财经
2026-07-15 10:00:02,661.04,652.00,666.50,649.05,16748239,4.31,0,24.04,腾讯财经
2026-07-15 10:10:00,661.04,652.00,666.50,649.05,16748239,4.31,0,24.04,腾讯财经
2026-07-15 10:20:00,661.04,652.00,666.50,649.05,16748239,4.31,0,24.04,腾讯财经
2026-07-15 10:30:00,661.04,652.00,666.50,649.05,16748239,4.31,0,24.04,腾讯财经
2026-07-15 10:40:02,661.04,652.00,666.50,649.05,16748239,4.31,0,24.04,腾讯财经
2026-07-15 10:50:01,661.04,652.00,666.50,649.05,16748239,4.31,0,24.04,腾讯财经
2026-07-15 11:00:00,661.04,652.00,666.50,649.05,16748239,4.31,0,24.04,腾讯财经
2026-07-15 11:10:02,661.04,652.00,666.50,649.05,16748239,4.31,0,24.04,腾讯财经
2026-07-15 11:20:03,661.04,652.00,666.50,649.05,16748239,4.31,0,24.04,腾讯财经
2026-07-15 11:30:00,661.04,652.00,666.50,649.05,16748239,4.31,0,24.04,腾讯财经
2026-07-15 11:40:01,661.04,652.00,666.50,649.05,16748239,4.31,0,24.04,腾讯财经
2026-07-15 11:50:01,661.04,652.00,666.50,649.05,16748239,4.31,0,24.04,腾讯财经
2026-07-15 12:00:00,661.04,652.00,666.50,649.05,16748239,4.31,0,24.04,腾讯财经
2026-07-15 12:10:00,661.04,652.00,666.50,649.05,16748239,4.31,0,24.04,腾讯财经
2026-07-15 12:20:00,661.04,652.00,666.50,649.05,16748239,4.31,0,24.04,腾讯财经
2026-07-15 12:30:01,661.04,652.00,666.50,649.05,16748239,4.31,0,24.04,腾讯财经
2026-07-15 12:40:00,661.04,652.00,666.50,649.05,16748239,4.31,0,24.04,腾讯财经
2026-07-15 12:50:03,661.04,652.00,666.50,649.05,16748239,4.31,0,24.04,腾讯财经
2026-07-15 13:00:01,661.04,652.00,666.50,649.05,16748239,4.31,0,24.04,腾讯财经
2026-07-15 13:10:04,661.04,652.00,666.50,649.05,16748239,4.31,0,24.04,腾讯财经
2026-07-15 13:20:00,661.04,652.00,666.50,649.05,16748239,4.31,0,24.04,腾讯财经
2026-07-15 13:30:05,661.04,652.00,666.50,649.05,16748239,4.31,0,24.04,腾讯财经
2026-07-15 13:40:01,661.04,652.00,666.50,649.05,16748239,4.31,0,24.04,腾讯财经
2026-07-15 13:50:01,661.04,652.00,666.50,649.05,16748239,4.31,0,24.04,腾讯财经
2026-07-15 14:00:05,661.04,652.00,666.50,649.05,16748239,4.31,0,24.04,腾讯财经
2026-07-15 14:10:05,661.04,652.00,666.50,649.05,16748239,4.31,0,24.04,腾讯财经
2026-07-15 14:20:04,661.04,652.00,666.50,649.05,16748239,4.31,0,24.04,腾讯财经
2026-07-15 14:30:05,661.04,652.00,666.50,649.05,16748239,4.31,0,24.04,腾讯财经
2026-07-15 14:40:04,661.04,652.00,666.50,649.05,16748239,4.31,0,24.04,腾讯财经
2026-07-15 14:50:05,661.04,652.00,666.50,649.05,16748239,4.31,0,24.04,腾讯财经
2026-07-15 15:00:02,661.04,652.00,666.50,649.05,16748239,4.31,0,24.04,腾讯财经
2026-07-15 15:10:04,661.04,652.00,666.50,649.05,16748239,4.31,0,24.04,腾讯财经
2026-07-15 15:20:04,661.04,652.00,666.50,649.05,16748239,4.31,0,24.04,腾讯财经
2026-07-15 15:30:05,661.04,652.00,666.50,649.05,16748239,4.31,0,24.04,腾讯财经
2026-07-15 15:40:05,661.04,652.00,666.50,649.05,16748239,4.31,0,24.04,腾讯财经
2026-07-15 15:50:05,661.04,652.00,666.50,649.05,16748239,4.31,0,24.04,腾讯财经
2026-07-15 16:00:05,661.04,652.00,666.50,649.05,16748239,4.31,0,24.04,腾讯财经
2026-07-15 16:10:00,661.04,652.00,666.50,649.05,16748239,4.31,0,24.04,腾讯财经
2026-07-15 16:20:03,661.04,652.00,666.50,649.05,16748239,4.31,0,24.04,腾讯财经
2026-07-15 16:30:05,661.04,652.00,666.50,649.05,16748239,4.31,0,24.04,腾讯财经
2026-07-15 16:40:05,661.04,652.00,666.50,649.05,16748239,4.31,0,24.04,腾讯财经
2026-07-15 16:50:05,661.04,652.00,666.50,649.05,16748239,4.31,0,24.04,腾讯财经
2026-07-15 17:00:01,661.04,652.00,666.50,649.05,16748239,4.31,0,24.04,腾讯财经
2026-07-15 17:10:02,661.04,652.00,666.50,649.05,16748239,4.31,0,24.04,腾讯财经
2026-07-15 17:20:01,661.04,652.00,666.50,649.05,16748239,4.31,0,24.04,腾讯财经
2026-07-15 17:30:02,661.04,652.00,666.50,649.05,16748239,4.31,0,24.04,腾讯财经
2026-07-15 18:44:39,661.04,652.00,666.50,649.05,16748239,4.31,0,24.04,腾讯财经
2026-07-15 18:50:05,661.04,652.00,666.50,649.05,16748239,4.31,0,24.04,腾讯财经
2026-07-15 19:00:00,661.04,652.00,666.50,649.05,16748239,4.31,0,24.04,腾讯财经
2026-07-15 19:10:05,661.04,652.00,666.50,649.05,16748239,4.31,0,24.04,腾讯财经
2026-07-15 19:20:05,661.04,652.00,666.50,649.05,16748239,4.31,0,24.04,腾讯财经
2026-07-15 19:30:03,661.04,652.00,666.50,649.05,16748239,4.31,0,24.04,腾讯财经
2026-07-15 19:40:03,661.04,652.00,666.50,649.05,16748239,4.31,0,24.04,腾讯财经
2026-07-15 19:50:02,661.04,652.00,666.50,649.05,16748239,4.31,0,24.04,腾讯财经
2026-07-15 20:00:00,661.04,652.00,666.50,649.05,16748239,4.31,0,24.04,腾讯财经
2026-07-15 20:10:05,661.04,652.00,666.50,649.05,16748239,4.31,0,24.04,腾讯财经
2026-07-15 20:20:01,661.04,652.00,666.50,649.05,16748239,4.31,0,24.04,腾讯财经
2026-07-15 20:30:04,661.04,652.00,666.50,649.05,16748239,4.31,0,24.04,腾讯财经
2026-07-15 20:40:00,661.04,652.00,666.50,649.05,16748239,4.31,0,24.04,腾讯财经
2026-07-15 20:50:05,661.04,652.00,666.50,649.05,16748239,4.31,0,24.04,腾讯财经
2026-07-15 21:00:00,661.04,652.00,666.50,649.05,16748239,4.31,0,24.04,腾讯财经
2026-07-15 21:10:05,661.04,652.00,666.50,649.05,16748239,4.31,0,24.04,腾讯财经
2026-07-15 21:20:00,661.04,652.00,666.50,649.05,16748239,4.31,0,24.04,腾讯财经
2026-07-15 21:30:00,661.04,0.00,0.00,0.00,135610,0,0,24.04,腾讯财经
2026-07-15 21:40:00,658.31,663.60,665.14,657.02,803528,-2.73,0,23.94,腾讯财经
2026-07-15 21:50:05,658.18,663.60,665.14,656.66,1135672,-2.86,0,23.93,腾讯财经
2026-07-15 22:00:04,659.98,663.60,665.14,656.66,1414888,-1.06,0,24.00,腾讯财经
2026-07-15 22:10:01,670.58,663.60,671.00,656.66,2041015,9.54,1.00,24.38,腾讯财经
2026-07-15 22:20:00,669.04,663.60,671.47,656.66,2594465,8.00,1.00,24.33,腾讯财经
2026-07-15 22:30:00,671.20,663.60,672.32,656.66,3009143,10.16,1.00,24.41,腾讯财经
2026-07-15 22:40:00,675.14,663.60,676.33,656.66,3719437,14.10,2.00,24.55,腾讯财经
2026-07-15 22:50:03,670.17,663.60,676.33,656.66,4289712,9.13,1.00,24.37,腾讯财经
2026-07-15 23:00:00,671.75,663.60,676.33,656.66,4649571,10.71,1.00,24.43,腾讯财经
2026-07-15 23:10:00,679.87,663.60,679.89,656.66,5394601,18.83,2.00,24.72,腾讯财经
2026-07-15 23:20:00,681.04,663.60,685.07,656.66,6627771,20.00,3.00,24.76,腾讯财经
2026-07-15 23:30:00,679.11,663.60,685.07,656.66,7230609,18.07,2.00,24.69,腾讯财经
2026-07-15 23:40:02,677.22,663.60,685.07,656.66,7568264,16.18,2.00,24.63,腾讯财经
2026-07-15 23:50:04,678.30,663.60,685.07,656.66,7956973,17.26,2.00,24.67,腾讯财经
2026-07-16 00:00:00,683.51,663.60,685.07,656.66,8509472,22.47,3.00,24.85,腾讯财经
2026-07-16 00:10:00,682.43,663.60,685.07,656.66,9069076,21.39,3.00,24.82,腾讯财经
2026-07-16 00:20:04,684.55,663.60,686.08,656.66,9667372,23.51,3.00,24.89,腾讯财经
2026-07-16 00:30:00,683.45,663.60,686.08,656.66,10056963,22.41,3.00,24.85,腾讯财经
2026-07-16 00:40:00,680.96,663.60,686.08,656.66,10396217,19.92,3.00,24.76,腾讯财经
2026-07-16 00:50:00,677.44,663.60,686.08,656.66,11137174,16.40,2.00,24.63,腾讯财经
2026-07-16 01:00:01,675.74,663.60,686.08,656.66,11548885,14.70,2.00,24.57,腾讯财经
2026-07-16 01:10:04,674.92,663.60,686.08,656.66,11757563,13.88,2.00,24.54,腾讯财经
2026-07-16 01:20:00,674.79,663.60,686.08,656.66,11901037,13.75,2.00,24.54,腾讯财经
2026-07-16 01:30:00,674.78,663.60,686.08,656.66,12103737,13.74,2.00,24.54,腾讯财经
2026-07-16 01:40:00,674.84,663.60,686.08,656.66,12288057,13.80,2.00,24.54,腾讯财经
2026-07-16 01:50:02,675.75,663.60,686.08,656.66,12465927,14.71,2.00,24.57,腾讯财经
2026-07-16 02:00:00,676.65,663.60,686.08,656.66,12617637,15.61,2.00,24.61,腾讯财经
2026-07-16 02:10:00,675.79,663.60,686.08,656.66,12781553,14.75,2.00,24.57,腾讯财经
2026-07-16 02:20:01,676.89,663.60,686.08,656.66,12965755,15.85,2.00,24.61,腾讯财经
2026-07-16 02:30:04,677.35,663.60,686.08,656.66,13112218,16.31,2.00,24.63,腾讯财经
2026-07-16 02:40:00,676.30,663.60,686.08,656.66,13239542,15.26,2.00,24.59,腾讯财经
2026-07-16 02:50:05,674.00,663.60,686.08,656.66,13430322,12.96,1.00,24.51,腾讯财经
2026-07-16 03:00:02,676.26,663.60,686.08,656.66,13608447,15.22,2.00,24.59,腾讯财经
2026-07-16 03:10:01,677.60,663.60,686.08,656.66,13819599,16.56,2.00,24.64,腾讯财经
2026-07-16 03:20:01,676.64,663.60,686.08,656.66,14045169,15.60,2.00,24.61,腾讯财经
2026-07-16 03:30:00,676.47,663.60,686.08,656.66,14292102,15.43,2.00,24.60,腾讯财经
2026-07-16 03:40:00,678.76,663.60,686.08,656.66,14588456,17.72,2.00,24.68,腾讯财经
2026-07-16 03:50:04,678.71,663.60,686.08,656.66,14956831,17.67,2.00,24.68,腾讯财经
2026-07-16 04:00:00,680.97,663.60,686.08,656.66,15904675,19.93,3.00,24.76,腾讯财经
2026-07-16 04:10:00,681.31,663.60,686.08,656.66,18264445,20.27,3.00,24.77,腾讯财经
2026-07-16 04:20:00,681.31,663.60,686.08,656.66,18341626,20.27,3.00,24.77,腾讯财经
2026-07-16 04:30:00,681.31,663.60,686.08,656.66,18425490,20.27,3.00,24.77,腾讯财经
2026-07-16 04:40:05,681.31,663.60,686.08,656.66,18696668,20.27,3.00,24.77,腾讯财经
2026-07-16 04:50:01,681.31,663.60,686.08,656.66,18698733,20.27,3.00,24.77,腾讯财经
2026-07-16 05:00:00,681.31,663.60,686.08,656.66,18707396,20.27,3.00,24.77,腾讯财经
2026-07-16 05:10:00,681.31,663.60,686.08,656.66,18774804,20.27,3.00,24.77,腾讯财经
2026-07-16 05:20:00,681.31,663.60,686.08,656.66,18777661,20.27,3.00,24.77,腾讯财经
2026-07-16 05:30:05,681.31,663.60,686.08,656.66,18971300,20.27,3.00,24.77,腾讯财经
2026-07-16 05:40:04,681.31,663.60,686.08,656.66,18973793,20.27,3.00,24.77,腾讯财经
2026-07-16 05:50:02,681.31,663.60,686.08,656.66,18975248,20.27,3.00,24.77,腾讯财经
2026-07-16 06:00:00,681.31,663.60,686.08,656.66,18977198,20.27,3.00,24.77,腾讯财经
2026-07-16 06:10:04,681.31,663.60,686.08,656.66,18982483,20.27,3.00,24.77,腾讯财经
2026-07-16 06:20:02,681.31,663.60,686.08,656.66,18984421,20.27,3.00,24.77,腾讯财经
2026-07-16 06:30:04,681.31,663.60,686.08,656.66,18985698,20.27,3.00,24.77,腾讯财经
2026-07-16 06:40:05,681.31,663.60,686.08,656.66,18987586,20.27,3.00,24.77,腾讯财经
2026-07-16 06:50:01,681.31,663.60,686.08,656.66,18989281,20.27,3.00,24.77,腾讯财经
2026-07-16 07:00:02,681.31,663.60,686.08,656.66,18992696,20.27,3.00,24.77,腾讯财经
2026-07-16 07:10:00,681.31,663.60,686.08,656.66,18994269,20.27,3.00,24.77,腾讯财经
2026-07-16 07:20:00,681.31,663.60,686.08,656.66,18996542,20.27,3.00,24.77,腾讯财经
2026-07-16 07:30:00,681.31,663.60,686.08,656.66,18997305,20.27,3.00,24.77,腾讯财经
2026-07-16 08:40:00,681.31,663.60,686.08,656.66,19003379,20.27,3.00,24.77,腾讯财经
2026-07-16 08:50:00,681.31,663.60,686.08,656.66,19003379,20.27,3.00,24.77,腾讯财经
2026-07-16 09:00:00,681.31,663.60,686.08,656.66,19003379,20.27,3.00,24.77,腾讯财经
2026-07-16 09:10:04,681.31,663.60,686.08,656.66,19003379,20.27,3.00,24.77,腾讯财经
2026-07-16 09:20:00,681.31,663.60,686.08,656.66,19003379,20.27,3.00,24.77,腾讯财经
2026-07-16 09:30:05,681.31,663.60,686.08,656.66,19003379,20.27,3.00,24.77,腾讯财经
2026-07-16 09:40:00,681.31,663.60,686.08,656.66,19003379,20.27,3.00,24.77,腾讯财经
2026-07-16 09:50:00,681.31,663.60,686.08,656.66,19003379,20.27,3.00,24.77,腾讯财经
2026-07-16 10:00:00,681.31,663.60,686.08,656.66,19003379,20.27,3.00,24.77,腾讯财经
2026-07-16 10:10:01,681.31,663.60,686.08,656.66,19003379,20.27,3.00,24.77,腾讯财经
2026-07-16 10:20:00,681.31,663.60,686.08,656.66,19003379,20.27,3.00,24.77,腾讯财经
2026-07-16 10:30:01,681.31,663.60,686.08,656.66,19003379,20.27,3.00,24.77,腾讯财经
2026-07-16 10:40:05,681.31,663.60,686.08,656.66,19003379,20.27,3.00,24.77,腾讯财经
2026-07-16 10:50:03,681.31,663.60,686.08,656.66,19003379,20.27,3.00,24.77,腾讯财经
2026-07-16 11:00:02,681.31,663.60,686.08,656.66,19003379,20.27,3.00,24.77,腾讯财经
2026-07-16 11:10:05,681.31,663.60,686.08,656.66,19003379,20.27,3.00,24.77,腾讯财经
2026-07-16 11:20:00,681.31,663.60,686.08,656.66,19003379,20.27,3.00,24.77,腾讯财经
2026-07-16 11:30:00,681.31,663.60,686.08,656.66,19003379,20.27,3.00,24.77,腾讯财经
2026-07-16 11:40:00,681.31,663.60,686.08,656.66,19003379,20.27,3.00,24.77,腾讯财经
2026-07-16 11:50:03,681.31,663.60,686.08,656.66,19003379,20.27,3.00,24.77,腾讯财经
2026-07-16 12:00:01,681.31,663.60,686.08,656.66,19003379,20.27,3.00,24.77,腾讯财经
2026-07-16 12:10:00,681.31,663.60,686.08,656.66,19003379,20.27,3.00,24.77,腾讯财经
2026-07-16 12:20:00,681.31,663.60,686.08,656.66,19003379,20.27,3.00,24.77,腾讯财经
2026-07-16 12:30:02,681.31,663.60,686.08,656.66,19003379,20.27,3.00,24.77,腾讯财经
2026-07-16 12:40:05,681.31,663.60,686.08,656.66,19003379,20.27,3.00,24.77,腾讯财经
2026-07-16 12:50:00,681.31,663.60,686.08,656.66,19003379,20.27,3.00,24.77,腾讯财经
2026-07-16 13:00:02,681.31,663.60,686.08,656.66,19003379,20.27,3.00,24.77,腾讯财经
2026-07-16 13:10:00,681.31,663.60,686.08,656.66,19003379,20.27,3.00,24.77,腾讯财经
2026-07-16 13:20:03,681.31,663.60,686.08,656.66,19003379,20.27,3.00,24.77,腾讯财经
2026-07-16 13:30:04,681.31,663.60,686.08,656.66,19003379,20.27,3.00,24.77,腾讯财经
2026-07-16 13:40:00,681.31,663.60,686.08,656.66,19003379,20.27,3.00,24.77,腾讯财经
2026-07-16 13:50:01,681.31,663.60,686.08,656.66,19003379,20.27,3.00,24.77,腾讯财经
2026-07-16 14:00:03,681.31,663.60,686.08,656.66,19003379,20.27,3.00,24.77,腾讯财经
2026-07-16 14:10:02,681.31,663.60,686.08,656.66,19003379,20.27,3.00,24.77,腾讯财经
2026-07-16 14:20:01,681.31,663.60,686.08,656.66,19003379,20.27,3.00,24.77,腾讯财经
2026-07-16 14:30:00,681.31,663.60,686.08,656.66,19003379,20.27,3.00,24.77,腾讯财经
2026-07-16 14:40:00,681.31,663.60,686.08,656.66,19003379,20.27,3.00,24.77,腾讯财经
2026-07-16 14:50:03,681.31,663.60,686.08,656.66,19003379,20.27,3.00,24.77,腾讯财经
2026-07-16 15:00:04,681.31,663.60,686.08,656.66,19003379,20.27,3.00,24.77,腾讯财经
2026-07-16 15:10:00,681.31,663.60,686.08,656.66,19003379,20.27,3.00,24.77,腾讯财经
2026-07-16 15:20:00,681.31,663.60,686.08,656.66,19003379,20.27,3.00,24.77,腾讯财经
2026-07-16 15:30:04,681.31,663.60,686.08,656.66,19003379,20.27,3.00,24.77,腾讯财经
2026-07-16 15:40:02,681.31,663.60,686.08,656.66,19003379,20.27,3.00,24.77,腾讯财经
2026-07-16 15:50:02,681.31,663.60,686.08,656.66,19003379,20.27,3.00,24.77,腾讯财经
2026-07-16 16:00:03,681.31,663.60,686.08,656.66,19003379,20.27,3.00,24.77,腾讯财经
2026-07-16 16:10:00,681.31,663.60,686.08,656.66,19003379,20.27,3.00,24.77,腾讯财经
2026-07-16 16:20:00,681.31,663.60,686.08,656.66,19003379,20.27,3.00,24.77,腾讯财经
2026-07-16 16:30:04,681.31,663.60,686.08,656.66,19003379,20.27,3.00,24.77,腾讯财经
2026-07-16 16:40:00,681.31,663.60,686.08,656.66,19003379,20.27,3.00,24.77,腾讯财经
2026-07-16 16:50:00,681.31,663.60,686.08,656.66,19003379,20.27,3.00,24.77,腾讯财经
2026-07-16 17:00:05,681.31,663.60,686.08,656.66,19003379,20.27,3.00,24.77,腾讯财经
2026-07-16 17:10:04,681.31,663.60,686.08,656.66,19003379,20.27,3.00,24.77,腾讯财经
2026-07-16 17:20:03,681.31,663.60,686.08,656.66,19003379,20.27,3.00,24.77,腾讯财经
2026-07-16 17:30:01,681.31,663.60,686.08,656.66,19003379,20.27,3.00,24.77,腾讯财经
2026-07-16 18:44:02,681.31,663.60,686.08,656.66,19003379,20.27,3.00,24.77,腾讯财经
2026-07-16 18:50:03,681.31,663.60,686.08,656.66,19003379,20.27,3.00,24.77,腾讯财经
2026-07-16 19:00:00,681.31,663.60,686.08,656.66,19003379,20.27,3.00,24.77,腾讯财经
2026-07-16 19:10:00,681.31,663.60,686.08,656.66,19003379,20.27,3.00,24.77,腾讯财经
2026-07-16 19:20:04,681.31,663.60,686.08,656.66,19003379,20.27,3.00,24.77,腾讯财经
2026-07-16 19:30:01,681.31,663.60,686.08,656.66,19003379,20.27,3.00,24.77,腾讯财经
2026-07-16 19:40:04,681.31,663.60,686.08,656.66,19003379,20.27,3.00,24.77,腾讯财经
2026-07-16 19:50:00,681.31,663.60,686.08,656.66,19003379,20.27,3.00,24.77,腾讯财经
2026-07-16 20:00:04,681.31,663.60,686.08,656.66,19003379,20.27,3.00,24.77,腾讯财经
2026-07-16 20:10:00,681.31,663.60,686.08,656.66,19003379,20.27,3.00,24.77,腾讯财经
2026-07-16 20:20:04,681.31,663.60,686.08,656.66,19003379,20.27,3.00,24.77,腾讯财经
2026-07-16 20:30:04,681.31,663.60,686.08,656.66,19003379,20.27,3.00,24.77,腾讯财经
2026-07-16 20:40:01,681.31,663.60,686.08,656.66,19003379,20.27,3.00,24.77,腾讯财经
2026-07-16 20:50:00,681.31,663.60,686.08,656.66,19003379,20.27,3.00,24.77,腾讯财经
2026-07-16 21:00:00,681.31,663.60,686.08,656.66,19003379,20.27,3.00,24.77,腾讯财经
2026-07-16 21:10:02,681.31,663.60,686.08,656.66,19003379,20.27,3.00,24.77,腾讯财经
2026-07-16 21:20:01,681.31,663.60,686.08,656.66,19003379,20.27,3.00,24.77,腾讯财经
2026-07-16 21:30:02,681.31,0.00,0.00,0.00,399378,0,0,24.77,腾讯财经
2026-07-16 21:40:00,672.19,678.61,680.59,668.62,1454472,-9.12,-1.00,24.44,腾讯财经
2026-07-16 21:50:00,670.16,677.28,680.59,665.00,2075229,-11.15,-1.00,24.37,腾讯财经
2026-07-16 22:00:00,670.75,677.28,680.59,665.00,2362882,-10.56,-1.00,24.39,腾讯财经
2026-07-16 22:10:00,670.86,677.28,680.59,665.00,2683225,-10.45,-1.00,24.39,腾讯财经
2026-07-16 22:20:04,673.47,677.28,680.59,665.00,2933555,-7.84,-1.00,24.49,腾讯财经
2026-07-16 22:30:00,676.66,677.28,680.59,665.00,3301535,-4.65,0,24.61,腾讯财经
2026-07-16 22:40:00,678.36,677.28,680.77,665.00,3673321,-2.95,0,24.67,腾讯财经
2026-07-16 22:50:02,679.37,677.28,680.77,665.00,3972756,-1.94,0,24.70,腾讯财经
2026-07-16 23:00:05,680.34,677.28,681.90,665.00,4267168,-.97,0,24.74,腾讯财经
2026-07-16 23:10:00,679.11,677.28,681.90,665.00,4660792,-2.20,0,24.69,腾讯财经
2026-07-16 23:20:00,676.00,677.28,681.90,665.00,5123537,-5.31,0,24.58,腾讯财经
2026-07-16 23:30:01,675.14,677.28,681.90,665.00,5319586,-6.17,0,24.55,腾讯财经
2026-07-16 23:40:03,676.08,677.28,681.90,665.00,5315263,-5.23,0,24.58,腾讯财经
2026-07-16 23:50:02,676.12,677.28,681.90,665.00,5334449,-5.19,0,24.59,腾讯财经
2026-07-17 00:00:00,674.61,677.28,681.90,665.00,5519339,-6.70,0,24.53,腾讯财经
2026-07-17 00:10:03,672.47,677.28,681.90,665.00,5760268,-8.84,-1.00,24.45,腾讯财经
2026-07-17 00:20:00,669.91,677.28,681.90,665.00,6012279,-11.40,-1.00,24.36,腾讯财经
2026-07-17 00:30:00,670.07,677.28,681.90,665.00,6280258,-11.24,-1.00,24.37,腾讯财经
2026-07-17 00:40:04,669.62,677.28,681.90,665.00,6483407,-11.69,-1.00,24.35,腾讯财经
2026-07-17 00:50:00,670.56,677.28,681.90,665.00,6682103,-10.75,-1.00,24.38,腾讯财经
2026-07-17 01:00:02,670.03,677.28,681.90,665.00,6938296,-11.28,-1.00,24.36,腾讯财经
2026-07-17 01:10:00,669.16,677.28,681.90,665.00,7156185,-12.15,-1.00,24.33,腾讯财经
2026-07-17 01:20:00,669.83,677.28,681.90,665.00,7371847,-11.48,-1.00,24.36,腾讯财经
2026-07-17 01:30:00,670.29,677.28,681.90,665.00,7587210,-11.02,-1.00,24.37,腾讯财经
2026-07-17 01:40:00,668.31,677.28,681.90,665.00,7781281,-13.00,-1.00,24.30,腾讯财经
2026-07-17 01:50:00,668.44,677.28,681.90,665.00,7944921,-12.87,-1.00,24.31,腾讯财经
2026-07-17 02:00:02,668.80,677.28,681.90,665.00,8132550,-12.51,-1.00,24.32,腾讯财经
2026-07-17 02:10:00,668.88,677.28,681.90,665.00,8388881,-12.43,-1.00,24.32,腾讯财经
2026-07-17 02:20:00,669.58,677.28,681.90,665.00,8712185,-11.73,-1.00,24.35,腾讯财经
2026-07-17 02:30:00,667.73,677.28,681.90,665.00,8920363,-13.58,-1.00,24.28,腾讯财经
2026-07-17 02:40:05,667.75,677.28,681.90,665.00,9124846,-13.56,-1.00,24.28,腾讯财经
2026-07-17 02:50:04,668.60,677.28,681.90,665.00,9300802,-12.71,-1.00,24.31,腾讯财经
2026-07-17 03:00:00,668.78,677.28,681.90,665.00,9473804,-12.53,-1.00,24.32,腾讯财经
2026-07-17 03:10:01,665.90,677.28,681.90,665.00,9728227,-15.41,-2.00,24.21,腾讯财经
2026-07-17 03:20:00,664.14,677.28,681.90,663.26,10063491,-17.17,-2.00,24.15,腾讯财经
2026-07-17 03:30:00,663.06,677.28,681.90,662.05,10434206,-18.25,-2.00,24.11,腾讯财经
2026-07-17 03:40:02,663.99,677.28,681.90,662.05,11033119,-17.32,-2.00,24.14,腾讯财经
2026-07-17 03:50:02,660.70,677.28,681.90,660.16,11429709,-20.61,-3.00,24.03,腾讯财经
2026-07-17 04:00:00,664.36,677.28,681.90,660.16,12185078,-16.95,-2.00,24.16,腾讯财经
2026-07-17 04:10:05,664.54,677.28,681.90,660.16,15198517,-16.77,-2.00,24.17,腾讯财经
2026-07-17 04:20:04,664.54,677.28,681.90,660.16,15216204,-16.77,-2.00,24.17,腾讯财经
2026-07-17 04:30:00,664.54,677.28,681.90,660.16,15213909,-16.77,-2.00,24.17,腾讯财经
2026-07-17 04:40:00,664.54,677.28,681.90,660.16,15544438,-16.77,-2.00,24.17,腾讯财经
2026-07-17 04:50:00,664.54,677.28,681.90,660.16,15547574,-16.77,-2.00,24.17,腾讯财经
2026-07-17 05:00:03,664.54,677.28,681.90,660.16,15736700,-16.77,-2.00,24.17,腾讯财经
2026-07-17 05:10:00,664.54,677.28,681.90,660.16,15739026,-16.77,-2.00,24.17,腾讯财经
2026-07-17 05:20:00,664.54,677.28,681.90,660.16,15741559,-16.77,-2.00,24.17,腾讯财经
2026-07-17 05:30:05,664.54,677.28,681.90,660.16,15751542,-16.77,-2.00,24.17,腾讯财经
2026-07-17 05:40:00,664.54,677.28,681.90,660.16,15759706,-16.77,-2.00,24.17,腾讯财经
2026-07-17 05:50:00,664.54,677.28,681.90,660.16,15766924,-16.77,-2.00,24.17,腾讯财经
2026-07-17 06:00:05,664.54,677.28,681.90,660.16,15769333,-16.77,-2.00,24.17,腾讯财经
2026-07-17 06:10:01,664.54,677.28,681.90,660.16,15773222,-16.77,-2.00,24.17,腾讯财经
2026-07-17 06:20:02,664.54,677.28,681.90,660.16,15774644,-16.77,-2.00,24.17,腾讯财经
2026-07-17 06:30:00,664.54,677.28,681.90,660.16,15778583,-16.77,-2.00,24.17,腾讯财经
2026-07-17 06:40:00,664.54,677.28,681.90,660.16,15780131,-16.77,-2.00,24.17,腾讯财经
2026-07-17 06:50:00,664.54,677.28,681.90,660.16,15788071,-16.77,-2.00,24.17,腾讯财经
2026-07-17 07:00:00,664.54,677.28,681.90,660.16,15790798,-16.77,-2.00,24.17,腾讯财经
2026-07-17 07:10:04,664.54,677.28,681.90,660.16,15794341,-16.77,-2.00,24.17,腾讯财经
2026-07-17 07:20:04,664.54,677.28,681.90,660.16,15797123,-16.77,-2.00,24.17,腾讯财经
2026-07-17 07:30:00,664.54,677.28,681.90,660.16,15804126,-16.77,-2.00,24.17,腾讯财经
2026-07-17 07:40:03,664.54,677.28,681.90,660.16,15807046,-16.77,-2.00,24.17,腾讯财经
2026-07-17 07:50:01,664.54,677.28,681.90,660.16,15809402,-16.77,-2.00,24.17,腾讯财经
2026-07-17 08:36:38,664.54,677.28,681.90,660.16,15815978,-16.77,-2.00,24.17,腾讯财经
2026-07-17 08:40:05,664.54,677.28,681.90,660.16,15815978,-16.77,-2.00,24.17,腾讯财经
2026-07-17 08:50:00,664.54,677.28,681.90,660.16,15815978,-16.77,-2.00,24.17,腾讯财经
2026-07-17 09:00:05,664.54,677.28,681.90,660.16,15815978,-16.77,-2.00,24.17,腾讯财经
2026-07-17 09:10:05,664.54,677.28,681.90,660.16,15815978,-16.77,-2.00,24.17,腾讯财经
2026-07-17 09:20:05,664.54,677.28,681.90,660.16,15815978,-16.77,-2.00,24.17,腾讯财经
2026-07-17 09:30:03,664.54,677.28,681.90,660.16,15815978,-16.77,-2.00,24.17,腾讯财经
2026-07-17 09:40:00,664.54,677.28,681.90,660.16,15815978,-16.77,-2.00,24.17,腾讯财经
2026-07-17 09:50:03,664.54,677.28,681.90,660.16,15815978,-16.77,-2.00,24.17,腾讯财经
2026-07-17 10:00:01,664.54,677.28,681.90,660.16,15815978,-16.77,-2.00,24.17,腾讯财经
2026-07-17 10:10:00,664.54,677.28,681.90,660.16,15815978,-16.77,-2.00,24.17,腾讯财经
2026-07-17 10:20:01,664.54,677.28,681.90,660.16,15815978,-16.77,-2.00,24.17,腾讯财经
2026-07-17 10:30:03,664.54,677.28,681.90,660.16,15815978,-16.77,-2.00,24.17,腾讯财经
2026-07-17 10:40:01,664.54,677.28,681.90,660.16,15815978,-16.77,-2.00,24.17,腾讯财经
2026-07-17 10:50:01,664.54,677.28,681.90,660.16,15815978,-16.77,-2.00,24.17,腾讯财经
2026-07-17 11:00:00,664.54,677.28,681.90,660.16,15815978,-16.77,-2.00,24.17,腾讯财经
2026-07-17 11:10:03,664.54,677.28,681.90,660.16,15815978,-16.77,-2.00,24.17,腾讯财经
2026-07-17 11:20:00,664.54,677.28,681.90,660.16,15815978,-16.77,-2.00,24.17,腾讯财经
2026-07-17 11:30:04,664.54,677.28,681.90,660.16,15815978,-16.77,-2.00,24.17,腾讯财经
2026-07-17 11:40:05,664.54,677.28,681.90,660.16,15815978,-16.77,-2.00,24.17,腾讯财经
2026-07-17 11:50:00,664.54,677.28,681.90,660.16,15815978,-16.77,-2.00,24.17,腾讯财经
2026-07-17 12:00:00,664.54,677.28,681.90,660.16,15815978,-16.77,-2.00,24.17,腾讯财经
2026-07-17 12:10:00,664.54,677.28,681.90,660.16,15815978,-16.77,-2.00,24.17,腾讯财经
2026-07-17 12:20:00,664.54,677.28,681.90,660.16,15815978,-16.77,-2.00,24.17,腾讯财经
2026-07-17 12:30:00,664.54,677.28,681.90,660.16,15815978,-16.77,-2.00,24.17,腾讯财经
2026-07-17 12:40:03,664.54,677.28,681.90,660.16,15815978,-16.77,-2.00,24.17,腾讯财经
2026-07-17 12:50:02,664.54,677.28,681.90,660.16,15815978,-16.77,-2.00,24.17,腾讯财经
2026-07-17 13:00:00,664.54,677.28,681.90,660.16,15815978,-16.77,-2.00,24.17,腾讯财经
2026-07-17 13:10:00,664.54,677.28,681.90,660.16,15815978,-16.77,-2.00,24.17,腾讯财经
2026-07-17 13:20:02,664.54,677.28,681.90,660.16,15815978,-16.77,-2.00,24.17,腾讯财经
2026-07-17 13:30:00,664.54,677.28,681.90,660.16,15815978,-16.77,-2.00,24.17,腾讯财经
2026-07-17 13:40:00,664.54,677.28,681.90,660.16,15815978,-16.77,-2.00,24.17,腾讯财经
2026-07-17 13:50:04,664.54,677.28,681.90,660.16,15815978,-16.77,-2.00,24.17,腾讯财经
2026-07-17 14:00:00,664.54,677.28,681.90,660.16,15815978,-16.77,-2.00,24.17,腾讯财经
2026-07-17 14:10:00,664.54,677.28,681.90,660.16,15815978,-16.77,-2.00,24.17,腾讯财经
2026-07-17 14:20:00,664.54,677.28,681.90,660.16,15815978,-16.77,-2.00,24.17,腾讯财经
2026-07-17 14:30:00,664.54,677.28,681.90,660.16,15815978,-16.77,-2.00,24.17,腾讯财经
2026-07-17 14:40:00,664.54,677.28,681.90,660.16,15815978,-16.77,-2.00,24.17,腾讯财经
2026-07-17 14:50:03,664.54,677.28,681.90,660.16,15815978,-16.77,-2.00,24.17,腾讯财经
2026-07-17 15:00:00,664.54,677.28,681.90,660.16,15815978,-16.77,-2.00,24.17,腾讯财经
2026-07-17 15:10:00,664.54,677.28,681.90,660.16,15815978,-16.77,-2.00,24.17,腾讯财经
2026-07-17 15:20:00,664.54,677.28,681.90,660.16,15815978,-16.77,-2.00,24.17,腾讯财经
2026-07-17 15:30:02,664.54,677.28,681.90,660.16,15815978,-16.77,-2.00,24.17,腾讯财经
2026-07-17 15:40:02,664.54,677.28,681.90,660.16,15815978,-16.77,-2.00,24.17,腾讯财经
2026-07-17 15:50:00,664.54,677.28,681.90,660.16,15815978,-16.77,-2.00,24.17,腾讯财经
2026-07-17 16:00:03,664.54,677.28,681.90,660.16,15815978,-16.77,-2.00,24.17,腾讯财经
2026-07-17 16:10:00,664.54,677.28,681.90,660.16,15815978,-16.77,-2.00,24.17,腾讯财经
2026-07-17 16:20:00,664.54,677.28,681.90,660.16,15815978,-16.77,-2.00,24.17,腾讯财经
2026-07-17 16:30:04,664.54,677.28,681.90,660.16,15815978,-16.77,-2.00,24.17,腾讯财经
2026-07-17 16:40:00,664.54,677.28,681.90,660.16,15815978,-16.77,-2.00,24.17,腾讯财经
2026-07-17 16:50:00,664.54,677.28,681.90,660.16,15815978,-16.77,-2.00,24.17,腾讯财经
2026-07-17 17:00:00,664.54,677.28,681.90,660.16,15815978,-16.77,-2.00,24.17,腾讯财经
2026-07-17 17:10:00,664.54,677.28,681.90,660.16,15815978,-16.77,-2.00,24.17,腾讯财经
2026-07-17 17:20:00,664.54,677.28,681.90,660.16,15815978,-16.77,-2.00,24.17,腾讯财经
2026-07-17 17:30:00,664.54,677.28,681.90,660.16,15815978,-16.77,-2.00,24.17,腾讯财经
2026-07-17 19:23:14,664.54,677.28,681.90,660.16,15815978,-16.77,-2.00,24.17,腾讯财经
2026-07-17 19:30:02,664.54,677.28,681.90,660.16,15815978,-16.77,-2.00,24.17,腾讯财经
