时间戳,价格(CNY/吨),数据源
2026-07-13 10:44:37,155000.00,TradingEconomics
2026-07-13 10:44:39,155000.00,TradingEconomics
2026-07-13 10:44:39,155000.00,TradingEconomics
2026-07-13 10:50:02,155000.00,TradingEconomics
2026-07-13 11:00:02,155000.00,TradingEconomics
2026-07-13 11:10:00,155000.00,TradingEconomics
2026-07-13 11:20:01,155000.00,TradingEconomics
2026-07-13 11:30:02,155000.00,TradingEconomics
2026-07-13 11:40:04,155000.00,TradingEconomics
2026-07-13 11:50:01,155000.00,TradingEconomics
2026-07-13 12:00:01,155000.00,TradingEconomics
2026-07-13 12:10:00,154000.00,TradingEconomics
2026-07-13 12:20:00,154000.00,TradingEconomics
2026-07-13 12:30:01,154000.00,TradingEconomics
2026-07-13 12:40:00,154000.00,TradingEconomics
2026-07-13 12:50:00,154000.00,TradingEconomics
2026-07-13 13:00:00,154000.00,TradingEconomics
2026-07-13 13:10:00,154000.00,TradingEconomics
2026-07-13 13:20:00,154000.00,TradingEconomics
2026-07-13 13:30:01,154000.00,TradingEconomics
2026-07-13 13:40:03,154000.00,TradingEconomics
2026-07-13 13:50:00,154000.00,TradingEconomics
2026-07-13 14:00:01,154000.00,TradingEconomics
2026-07-13 14:10:00,154000.00,TradingEconomics
2026-07-13 14:20:00,154000.00,TradingEconomics
2026-07-13 14:30:01,154000.00,TradingEconomics
2026-07-13 14:40:00,154000.00,TradingEconomics
2026-07-13 14:50:03,154000.00,TradingEconomics
2026-07-13 15:00:02,154000.00,TradingEconomics
2026-07-13 15:10:00,154000.00,TradingEconomics
2026-07-13 15:20:03,154000.00,TradingEconomics
2026-07-13 15:30:04,154000.00,TradingEconomics
2026-07-13 15:40:01,154000.00,TradingEconomics
2026-07-13 15:50:01,154000.00,TradingEconomics
2026-07-13 16:00:03,154000.00,TradingEconomics
2026-07-13 16:10:02,154000.00,TradingEconomics
2026-07-13 16:20:02,154000.00,TradingEconomics
2026-07-13 16:30:01,154000.00,TradingEconomics
2026-07-13 16:40:02,154000.00,TradingEconomics
2026-07-13 16:50:03,154000.00,TradingEconomics
2026-07-13 17:00:03,154000.00,TradingEconomics
2026-07-13 17:10:03,154000.00,TradingEconomics
2026-07-13 17:20:00,154000.00,TradingEconomics
2026-07-13 17:30:01,154000.00,TradingEconomics
2026-07-13 18:40:45,154000.00,TradingEconomics
2026-07-13 18:50:02,154000.00,TradingEconomics
2026-07-13 19:10:05,154000.00,TradingEconomics
2026-07-13 19:20:02,154000.00,TradingEconomics
2026-07-13 19:30:00,154000.00,TradingEconomics
2026-07-13 19:40:04,154000.00,TradingEconomics
2026-07-13 19:50:00,154000.00,TradingEconomics
2026-07-13 20:00:01,154000.00,TradingEconomics
2026-07-13 20:10:02,154000.00,TradingEconomics
2026-07-13 20:20:02,154000.00,TradingEconomics
2026-07-13 20:30:01,154000.00,TradingEconomics
2026-07-13 20:40:01,154000.00,TradingEconomics
2026-07-13 20:50:04,154000.00,TradingEconomics
2026-07-13 21:00:04,154000.00,TradingEconomics
2026-07-13 21:10:04,154000.00,TradingEconomics
2026-07-13 21:20:00,154000.00,TradingEconomics
2026-07-13 21:30:00,154000.00,TradingEconomics
2026-07-13 21:40:04,154000.00,TradingEconomics
2026-07-13 21:50:00,154000.00,TradingEconomics
2026-07-13 22:00:00,154000.00,TradingEconomics
2026-07-13 22:10:00,154000.00,TradingEconomics
2026-07-13 22:20:00,154000.00,TradingEconomics
2026-07-13 22:30:00,154000.00,TradingEconomics
2026-07-13 22:40:03,154000.00,TradingEconomics
2026-07-13 22:50:01,154000.00,TradingEconomics
2026-07-13 23:00:00,154000.00,TradingEconomics
2026-07-13 23:10:00,154000.00,TradingEconomics
2026-07-13 23:20:00,154000.00,TradingEconomics
2026-07-13 23:30:00,154000.00,TradingEconomics
2026-07-13 23:40:01,154000.00,TradingEconomics
2026-07-13 23:50:02,154000.00,TradingEconomics
2026-07-14 00:10:01,154000.00,TradingEconomics
2026-07-14 00:20:03,154000.00,TradingEconomics
2026-07-14 00:30:00,154000.00,TradingEconomics
2026-07-14 00:40:04,154000.00,TradingEconomics
2026-07-14 00:50:04,154000.00,TradingEconomics
2026-07-14 01:00:00,154000.00,TradingEconomics
2026-07-14 01:10:04,154000.00,TradingEconomics
2026-07-14 01:20:00,154000.00,TradingEconomics
2026-07-14 01:30:04,154000.00,TradingEconomics
2026-07-14 01:40:05,154000.00,TradingEconomics
2026-07-14 01:50:00,154000.00,TradingEconomics
2026-07-14 02:00:00,154000.00,TradingEconomics
2026-07-14 02:10:00,154000.00,TradingEconomics
2026-07-14 02:20:02,154000.00,TradingEconomics
2026-07-14 02:30:00,154000.00,TradingEconomics
2026-07-14 02:40:00,154000.00,TradingEconomics
2026-07-14 02:50:00,154000.00,TradingEconomics
2026-07-14 03:00:00,154000.00,TradingEconomics
2026-07-14 03:10:03,154000.00,TradingEconomics
2026-07-14 03:20:00,154000.00,TradingEconomics
2026-07-14 03:30:00,154000.00,TradingEconomics
2026-07-14 03:40:02,154000.00,TradingEconomics
2026-07-14 03:50:00,154000.00,TradingEconomics
2026-07-14 04:00:00,154000.00,TradingEconomics
2026-07-14 04:10:02,154000.00,TradingEconomics
2026-07-14 04:20:00,154000.00,TradingEconomics
2026-07-14 04:30:05,154000.00,TradingEconomics
2026-07-14 04:40:00,154000.00,TradingEconomics
2026-07-14 04:50:00,154000.00,TradingEconomics
2026-07-14 05:00:00,154000.00,TradingEconomics
2026-07-14 05:10:02,154000.00,TradingEconomics
2026-07-14 05:20:03,154000.00,TradingEconomics
2026-07-14 05:30:02,154000.00,TradingEconomics
2026-07-14 05:40:03,154000.00,TradingEconomics
2026-07-14 05:50:00,154000.00,TradingEconomics
2026-07-14 06:00:00,154000.00,TradingEconomics
2026-07-14 06:10:02,154000.00,TradingEconomics
2026-07-14 06:20:03,154000.00,TradingEconomics
2026-07-14 06:30:00,154000.00,TradingEconomics
2026-07-14 06:40:00,154000.00,TradingEconomics
2026-07-14 06:50:00,154000.00,TradingEconomics
2026-07-14 07:00:02,154000.00,TradingEconomics
2026-07-14 07:10:00,154000.00,TradingEconomics
2026-07-14 07:20:05,154000.00,TradingEconomics
2026-07-14 07:30:01,154000.00,TradingEconomics
2026-07-14 07:40:00,154000.00,TradingEconomics
2026-07-14 07:50:00,154000.00,TradingEconomics
2026-07-14 08:40:05,154000.00,TradingEconomics
2026-07-14 08:50:05,154000.00,TradingEconomics
2026-07-14 09:00:00,154000.00,TradingEconomics
2026-07-14 09:10:00,154000.00,TradingEconomics
2026-07-14 09:20:00,154000.00,TradingEconomics
2026-07-14 09:30:00,154000.00,TradingEconomics
2026-07-14 09:40:01,154000.00,TradingEconomics
2026-07-14 09:50:04,154000.00,TradingEconomics
2026-07-14 10:00:04,154000.00,TradingEconomics
2026-07-14 10:10:00,154000.00,TradingEconomics
2026-07-14 10:20:03,154000.00,TradingEconomics
2026-07-14 10:30:00,154000.00,TradingEconomics
2026-07-14 10:40:00,154000.00,TradingEconomics
2026-07-14 10:50:01,154000.00,TradingEconomics
2026-07-14 11:00:04,154000.00,TradingEconomics
2026-07-14 11:10:04,154000.00,TradingEconomics
2026-07-14 11:20:00,154000.00,TradingEconomics
2026-07-14 11:30:04,154000.00,TradingEconomics
2026-07-14 11:40:03,154000.00,TradingEconomics
2026-07-14 11:50:00,154000.00,TradingEconomics
2026-07-14 12:00:00,154000.00,TradingEconomics
2026-07-14 12:10:04,154000.00,TradingEconomics
2026-07-14 12:20:00,154000.00,TradingEconomics
2026-07-14 12:30:00,154000.00,TradingEconomics
2026-07-14 12:40:01,154000.00,TradingEconomics
2026-07-14 12:50:00,154000.00,TradingEconomics
2026-07-14 13:00:01,154000.00,TradingEconomics
2026-07-14 13:10:04,154000.00,TradingEconomics
2026-07-14 13:20:00,154000.00,TradingEconomics
2026-07-14 13:30:00,154000.00,TradingEconomics
2026-07-14 13:40:03,154000.00,TradingEconomics
2026-07-14 13:50:00,154000.00,TradingEconomics
2026-07-14 14:00:01,154000.00,TradingEconomics
2026-07-14 14:10:01,154000.00,TradingEconomics
2026-07-14 14:30:03,154000.00,TradingEconomics
2026-07-14 14:40:01,154000.00,TradingEconomics
2026-07-14 14:50:05,154000.00,TradingEconomics
2026-07-14 15:00:02,154000.00,TradingEconomics
2026-07-14 15:10:04,154000.00,TradingEconomics
2026-07-14 15:20:00,154000.00,TradingEconomics
2026-07-14 15:30:00,154000.00,TradingEconomics
2026-07-14 15:40:02,154000.00,TradingEconomics
2026-07-14 15:50:00,154000.00,TradingEconomics
2026-07-14 16:00:00,154000.00,TradingEconomics
2026-07-14 16:10:00,154000.00,TradingEconomics
2026-07-14 16:20:00,154000.00,TradingEconomics
2026-07-14 16:30:01,154000.00,TradingEconomics
2026-07-14 16:40:02,154000.00,TradingEconomics
2026-07-14 16:50:04,154000.00,TradingEconomics
2026-07-14 17:00:02,154000.00,TradingEconomics
2026-07-14 17:10:01,154000.00,TradingEconomics
2026-07-14 17:20:00,154000.00,TradingEconomics
2026-07-14 17:30:00,154000.00,TradingEconomics
2026-07-14 18:37:43,154000.00,TradingEconomics
2026-07-14 18:40:02,154000.00,TradingEconomics
2026-07-14 18:50:00,154000.00,TradingEconomics
2026-07-14 19:00:00,154000.00,TradingEconomics
2026-07-14 19:10:03,154000.00,TradingEconomics
2026-07-14 19:20:00,154000.00,TradingEconomics
2026-07-14 19:30:03,154000.00,TradingEconomics
2026-07-14 19:40:00,154000.00,TradingEconomics
2026-07-14 19:50:01,154000.00,TradingEconomics
2026-07-14 20:00:05,154000.00,TradingEconomics
2026-07-14 20:10:05,154000.00,TradingEconomics
2026-07-14 20:20:04,154000.00,TradingEconomics
2026-07-14 20:30:05,154000.00,TradingEconomics
2026-07-14 20:40:00,154000.00,TradingEconomics
2026-07-14 20:50:03,154000.00,TradingEconomics
2026-07-14 21:00:03,154000.00,TradingEconomics
2026-07-14 21:10:03,154000.00,TradingEconomics
2026-07-14 21:20:00,154000.00,TradingEconomics
2026-07-14 21:30:05,154000.00,TradingEconomics
2026-07-14 21:40:01,154000.00,TradingEconomics
2026-07-14 22:10:03,154000.00,TradingEconomics
2026-07-14 22:20:00,154000.00,TradingEconomics
2026-07-14 22:30:01,154000.00,TradingEconomics
2026-07-14 22:40:00,154000.00,TradingEconomics
2026-07-14 22:50:00,154000.00,TradingEconomics
2026-07-14 23:00:01,154000.00,TradingEconomics
2026-07-14 23:10:02,154000.00,TradingEconomics
2026-07-14 23:20:00,154000.00,TradingEconomics
2026-07-14 23:30:00,154000.00,TradingEconomics
2026-07-14 23:40:00,154000.00,TradingEconomics
2026-07-14 23:50:03,154000.00,TradingEconomics
2026-07-15 00:00:00,154000.00,TradingEconomics
2026-07-15 00:10:01,154000.00,TradingEconomics
2026-07-15 00:20:00,154000.00,TradingEconomics
2026-07-15 00:30:01,154000.00,TradingEconomics
2026-07-15 00:40:00,154000.00,TradingEconomics
2026-07-15 00:50:00,154000.00,TradingEconomics
2026-07-15 01:00:00,154000.00,TradingEconomics
2026-07-15 01:10:00,154000.00,TradingEconomics
2026-07-15 01:20:03,154000.00,TradingEconomics
2026-07-15 01:30:04,154000.00,TradingEconomics
2026-07-15 01:40:00,154000.00,TradingEconomics
2026-07-15 01:50:03,154000.00,TradingEconomics
2026-07-15 02:00:01,154000.00,TradingEconomics
2026-07-15 02:10:00,154000.00,TradingEconomics
2026-07-15 02:20:00,154000.00,TradingEconomics
2026-07-15 02:30:00,154000.00,TradingEconomics
2026-07-15 02:40:00,154000.00,TradingEconomics
2026-07-15 02:50:00,154000.00,TradingEconomics
2026-07-15 03:00:00,154000.00,TradingEconomics
2026-07-15 03:10:01,154000.00,TradingEconomics
2026-07-15 03:20:02,154000.00,TradingEconomics
2026-07-15 03:30:04,154000.00,TradingEconomics
2026-07-15 03:40:00,154000.00,TradingEconomics
2026-07-15 03:50:05,154000.00,TradingEconomics
2026-07-15 04:00:04,154000.00,TradingEconomics
2026-07-15 04:10:00,154000.00,TradingEconomics
2026-07-15 04:20:00,154000.00,TradingEconomics
2026-07-15 04:30:02,154000.00,TradingEconomics
2026-07-15 04:40:02,154000.00,TradingEconomics
2026-07-15 04:50:00,154000.00,TradingEconomics
2026-07-15 05:00:00,154000.00,TradingEconomics
2026-07-15 05:10:01,154000.00,TradingEconomics
2026-07-15 05:20:00,154000.00,TradingEconomics
2026-07-15 05:30:00,154000.00,TradingEconomics
2026-07-15 05:40:00,154000.00,TradingEconomics
2026-07-15 05:50:00,154000.00,TradingEconomics
2026-07-15 06:00:03,154000.00,TradingEconomics
2026-07-15 06:10:02,154000.00,TradingEconomics
2026-07-15 06:20:00,154000.00,TradingEconomics
2026-07-15 06:30:00,154000.00,TradingEconomics
2026-07-15 06:40:02,154000.00,TradingEconomics
2026-07-15 06:50:00,154000.00,TradingEconomics
2026-07-15 07:00:00,154000.00,TradingEconomics
2026-07-15 07:10:00,154000.00,TradingEconomics
2026-07-15 07:20:01,154000.00,TradingEconomics
2026-07-15 07:30:00,154000.00,TradingEconomics
2026-07-15 07:40:01,154000.00,TradingEconomics
2026-07-15 07:50:01,154000.00,TradingEconomics
2026-07-15 08:40:03,154000.00,TradingEconomics
2026-07-15 08:50:01,154000.00,TradingEconomics
2026-07-15 09:00:05,154000.00,TradingEconomics
2026-07-15 09:10:00,154000.00,TradingEconomics
2026-07-15 09:20:00,154000.00,TradingEconomics
2026-07-15 09:30:00,154000.00,TradingEconomics
2026-07-15 09:40:00,154000.00,TradingEconomics
2026-07-15 09:50:00,154000.00,TradingEconomics
2026-07-15 10:00:02,154000.00,TradingEconomics
2026-07-15 10:10:00,154000.00,TradingEconomics
2026-07-15 10:20:00,154000.00,TradingEconomics
2026-07-15 10:30:00,154000.00,TradingEconomics
2026-07-15 10:40:02,154000.00,TradingEconomics
2026-07-15 10:50:01,154000.00,TradingEconomics
2026-07-15 11:00:00,154000.00,TradingEconomics
2026-07-15 11:10:02,154000.00,TradingEconomics
2026-07-15 11:20:03,154000.00,TradingEconomics
2026-07-15 11:30:00,154000.00,TradingEconomics
2026-07-15 11:40:01,154000.00,TradingEconomics
2026-07-15 11:50:01,154000.00,TradingEconomics
2026-07-15 12:00:00,154000.00,TradingEconomics
2026-07-15 12:10:00,154000.00,TradingEconomics
2026-07-15 12:20:00,154000.00,TradingEconomics
2026-07-15 12:30:01,154000.00,TradingEconomics
2026-07-15 12:40:00,154000.00,TradingEconomics
2026-07-15 12:50:03,154000.00,TradingEconomics
2026-07-15 13:00:01,154000.00,TradingEconomics
2026-07-15 13:10:04,154000.00,TradingEconomics
2026-07-15 13:20:00,154000.00,TradingEconomics
2026-07-15 13:30:05,154000.00,TradingEconomics
2026-07-15 13:40:01,154000.00,TradingEconomics
2026-07-15 13:50:01,154000.00,TradingEconomics
2026-07-15 14:00:05,154000.00,TradingEconomics
2026-07-15 14:10:05,154000.00,TradingEconomics
2026-07-15 14:20:04,154000.00,TradingEconomics
2026-07-15 14:30:05,154000.00,TradingEconomics
2026-07-15 14:40:04,154000.00,TradingEconomics
2026-07-15 14:50:05,154000.00,TradingEconomics
2026-07-15 15:00:02,154000.00,TradingEconomics
2026-07-15 15:10:04,154000.00,TradingEconomics
2026-07-15 15:20:04,154000.00,TradingEconomics
2026-07-15 15:30:05,154000.00,TradingEconomics
2026-07-15 15:40:05,154000.00,TradingEconomics
2026-07-15 15:50:05,154000.00,TradingEconomics
2026-07-15 16:00:05,154000.00,TradingEconomics
2026-07-15 16:10:00,154000.00,TradingEconomics
2026-07-15 16:20:03,154000.00,TradingEconomics
2026-07-15 16:30:05,154000.00,TradingEconomics
2026-07-15 16:40:05,154000.00,TradingEconomics
2026-07-15 16:50:05,154000.00,TradingEconomics
2026-07-15 17:00:01,154000.00,TradingEconomics
2026-07-15 17:10:02,154000.00,TradingEconomics
2026-07-15 17:20:01,154000.00,TradingEconomics
2026-07-15 17:30:02,154000.00,TradingEconomics
2026-07-15 18:44:39,154000.00,TradingEconomics
2026-07-15 18:50:05,154000.00,TradingEconomics
2026-07-15 19:00:00,154000.00,TradingEconomics
2026-07-15 19:10:05,154000.00,TradingEconomics
2026-07-15 19:20:05,154000.00,TradingEconomics
2026-07-15 19:30:03,154000.00,TradingEconomics
2026-07-15 19:40:03,154000.00,TradingEconomics
2026-07-15 19:50:02,154000.00,TradingEconomics
2026-07-15 20:00:00,154000.00,TradingEconomics
2026-07-15 20:10:05,154000.00,TradingEconomics
2026-07-15 20:20:01,154000.00,TradingEconomics
2026-07-15 20:30:04,154000.00,TradingEconomics
2026-07-15 20:40:00,154000.00,TradingEconomics
2026-07-15 20:50:05,154000.00,TradingEconomics
2026-07-15 21:00:00,154000.00,TradingEconomics
2026-07-15 21:10:05,154000.00,TradingEconomics
2026-07-15 21:20:00,154000.00,TradingEconomics
2026-07-15 21:30:00,154000.00,TradingEconomics
2026-07-15 21:40:00,154000.00,TradingEconomics
2026-07-15 21:50:05,154000.00,TradingEconomics
2026-07-15 22:00:04,154000.00,TradingEconomics
2026-07-15 22:10:01,154000.00,TradingEconomics
2026-07-15 22:20:00,154000.00,TradingEconomics
2026-07-15 22:30:00,154000.00,TradingEconomics
2026-07-15 22:40:00,154000.00,TradingEconomics
2026-07-15 22:50:03,154000.00,TradingEconomics
2026-07-15 23:00:00,154000.00,TradingEconomics
2026-07-15 23:10:00,154000.00,TradingEconomics
2026-07-15 23:20:00,154000.00,TradingEconomics
2026-07-15 23:30:00,154000.00,TradingEconomics
2026-07-15 23:40:02,154000.00,TradingEconomics
2026-07-15 23:50:04,154000.00,TradingEconomics
2026-07-16 00:00:00,154000.00,TradingEconomics
2026-07-16 00:10:00,154000.00,TradingEconomics
2026-07-16 00:20:04,154000.00,TradingEconomics
2026-07-16 00:30:00,154000.00,TradingEconomics
2026-07-16 00:40:00,154000.00,TradingEconomics
2026-07-16 00:50:00,154000.00,TradingEconomics
2026-07-16 01:00:01,154000.00,TradingEconomics
2026-07-16 01:10:04,154000.00,TradingEconomics
2026-07-16 01:20:00,154000.00,TradingEconomics
2026-07-16 01:30:00,154000.00,TradingEconomics
2026-07-16 01:40:00,154000.00,TradingEconomics
2026-07-16 01:50:02,154000.00,TradingEconomics
2026-07-16 02:00:00,154000.00,TradingEconomics
2026-07-16 02:10:00,154000.00,TradingEconomics
2026-07-16 02:20:01,154000.00,TradingEconomics
2026-07-16 02:30:04,154000.00,TradingEconomics
2026-07-16 02:40:00,154000.00,TradingEconomics
2026-07-16 02:50:05,154000.00,TradingEconomics
2026-07-16 03:00:02,154000.00,TradingEconomics
2026-07-16 03:10:01,154000.00,TradingEconomics
2026-07-16 03:20:01,154000.00,TradingEconomics
2026-07-16 03:30:00,154000.00,TradingEconomics
2026-07-16 03:40:00,154000.00,TradingEconomics
2026-07-16 03:50:04,154000.00,TradingEconomics
2026-07-16 04:00:00,154000.00,TradingEconomics
2026-07-16 04:10:00,154000.00,TradingEconomics
2026-07-16 04:20:00,154000.00,TradingEconomics
2026-07-16 04:30:00,154000.00,TradingEconomics
2026-07-16 04:40:05,154000.00,TradingEconomics
2026-07-16 04:50:01,154000.00,TradingEconomics
2026-07-16 05:00:00,154000.00,TradingEconomics
2026-07-16 05:10:00,154000.00,TradingEconomics
2026-07-16 05:20:00,154000.00,TradingEconomics
2026-07-16 05:30:05,154000.00,TradingEconomics
2026-07-16 05:40:04,154000.00,TradingEconomics
2026-07-16 05:50:02,154000.00,TradingEconomics
2026-07-16 06:00:00,154000.00,TradingEconomics
2026-07-16 06:10:04,154000.00,TradingEconomics
2026-07-16 06:20:02,154000.00,TradingEconomics
2026-07-16 06:30:04,154000.00,TradingEconomics
2026-07-16 06:40:05,154000.00,TradingEconomics
2026-07-16 06:50:01,154000.00,TradingEconomics
2026-07-16 07:00:02,154000.00,TradingEconomics
2026-07-16 07:10:00,154000.00,TradingEconomics
2026-07-16 07:20:00,154000.00,TradingEconomics
2026-07-16 07:30:00,154000.00,TradingEconomics
2026-07-16 08:40:00,154000.00,TradingEconomics
2026-07-16 08:50:00,154000.00,TradingEconomics
2026-07-16 09:00:00,154000.00,TradingEconomics
2026-07-16 09:10:04,154000.00,TradingEconomics
2026-07-16 09:20:00,154000.00,TradingEconomics
2026-07-16 09:30:05,154000.00,TradingEconomics
2026-07-16 09:40:00,154000.00,TradingEconomics
2026-07-16 09:50:00,154000.00,TradingEconomics
2026-07-16 10:00:00,154000.00,TradingEconomics
2026-07-16 10:10:01,154000.00,TradingEconomics
2026-07-16 10:20:00,154000.00,TradingEconomics
2026-07-16 10:30:01,154000.00,TradingEconomics
2026-07-16 10:40:05,154000.00,TradingEconomics
2026-07-16 10:50:03,154000.00,TradingEconomics
2026-07-16 11:00:02,154000.00,TradingEconomics
2026-07-16 11:10:05,154000.00,TradingEconomics
2026-07-16 11:20:00,154000.00,TradingEconomics
2026-07-16 11:30:00,154000.00,TradingEconomics
2026-07-16 11:40:00,154000.00,TradingEconomics
2026-07-16 11:50:03,154000.00,TradingEconomics
2026-07-16 12:00:01,154000.00,TradingEconomics
2026-07-16 12:10:00,151000.00,TradingEconomics
2026-07-16 12:20:00,151000.00,TradingEconomics
2026-07-16 12:30:02,151000.00,TradingEconomics
2026-07-16 12:40:05,151000.00,TradingEconomics
2026-07-16 12:50:00,151000.00,TradingEconomics
2026-07-16 13:00:02,151000.00,TradingEconomics
2026-07-16 13:10:00,151000.00,TradingEconomics
2026-07-16 13:20:03,151000.00,TradingEconomics
2026-07-16 13:30:04,151000.00,TradingEconomics
2026-07-16 13:40:00,151000.00,TradingEconomics
2026-07-16 13:50:01,151000.00,TradingEconomics
2026-07-16 14:00:03,151000.00,TradingEconomics
2026-07-16 14:10:02,151000.00,TradingEconomics
2026-07-16 14:20:01,151000.00,TradingEconomics
2026-07-16 14:30:00,151000.00,TradingEconomics
2026-07-16 14:40:00,151000.00,TradingEconomics
2026-07-16 14:50:03,151000.00,TradingEconomics
2026-07-16 15:00:04,151000.00,TradingEconomics
2026-07-16 15:10:00,151000.00,TradingEconomics
2026-07-16 15:20:00,151000.00,TradingEconomics
2026-07-16 15:30:04,151000.00,TradingEconomics
2026-07-16 15:40:02,151000.00,TradingEconomics
2026-07-16 15:50:02,151000.00,TradingEconomics
2026-07-16 16:00:03,151000.00,TradingEconomics
2026-07-16 16:10:00,151000.00,TradingEconomics
2026-07-16 16:20:00,151000.00,TradingEconomics
2026-07-16 16:30:04,151000.00,TradingEconomics
2026-07-16 16:40:00,151000.00,TradingEconomics
2026-07-16 16:50:00,151000.00,TradingEconomics
2026-07-16 17:00:05,151000.00,TradingEconomics
2026-07-16 17:10:04,151000.00,TradingEconomics
2026-07-16 17:20:03,151000.00,TradingEconomics
2026-07-16 17:30:01,151000.00,TradingEconomics
2026-07-16 18:44:02,151000.00,TradingEconomics
2026-07-16 18:50:03,151000.00,TradingEconomics
2026-07-16 19:00:00,151000.00,TradingEconomics
2026-07-16 19:10:00,151000.00,TradingEconomics
2026-07-16 19:20:04,151000.00,TradingEconomics
2026-07-16 19:30:01,151000.00,TradingEconomics
2026-07-16 19:40:04,151000.00,TradingEconomics
2026-07-16 19:50:00,151000.00,TradingEconomics
2026-07-16 20:00:04,151000.00,TradingEconomics
2026-07-16 20:10:00,151000.00,TradingEconomics
2026-07-16 20:20:04,151000.00,TradingEconomics
2026-07-16 20:30:04,151000.00,TradingEconomics
2026-07-16 20:40:01,151000.00,TradingEconomics
2026-07-16 20:50:00,151000.00,TradingEconomics
2026-07-16 21:00:00,151000.00,TradingEconomics
2026-07-16 21:10:02,151000.00,TradingEconomics
2026-07-16 21:20:01,151000.00,TradingEconomics
2026-07-16 21:30:02,151000.00,TradingEconomics
2026-07-16 21:40:00,151000.00,TradingEconomics
2026-07-16 21:50:00,151000.00,TradingEconomics
2026-07-16 22:00:00,151000.00,TradingEconomics
2026-07-16 22:10:00,151000.00,TradingEconomics
2026-07-16 22:20:04,151000.00,TradingEconomics
2026-07-16 22:30:00,151000.00,TradingEconomics
2026-07-16 22:40:00,151000.00,TradingEconomics
2026-07-16 22:50:02,151000.00,TradingEconomics
2026-07-16 23:00:05,151000.00,TradingEconomics
2026-07-16 23:10:00,151000.00,TradingEconomics
2026-07-16 23:20:00,151000.00,TradingEconomics
2026-07-16 23:30:01,151000.00,TradingEconomics
2026-07-16 23:40:03,151000.00,TradingEconomics
2026-07-16 23:50:02,151000.00,TradingEconomics
2026-07-17 00:10:03,151000.00,TradingEconomics
2026-07-17 00:20:00,151000.00,TradingEconomics
2026-07-17 00:30:00,151000.00,TradingEconomics
2026-07-17 00:40:04,151000.00,TradingEconomics
2026-07-17 00:50:00,151000.00,TradingEconomics
2026-07-17 01:00:02,151000.00,TradingEconomics
2026-07-17 01:10:00,151000.00,TradingEconomics
2026-07-17 01:20:00,151000.00,TradingEconomics
2026-07-17 01:30:00,151000.00,TradingEconomics
2026-07-17 01:40:00,151000.00,TradingEconomics
2026-07-17 01:50:00,151000.00,TradingEconomics
2026-07-17 02:00:02,151000.00,TradingEconomics
2026-07-17 02:10:00,151000.00,TradingEconomics
2026-07-17 02:20:00,151000.00,TradingEconomics
2026-07-17 02:30:00,151000.00,TradingEconomics
2026-07-17 02:40:05,151000.00,TradingEconomics
2026-07-17 02:50:04,151000.00,TradingEconomics
2026-07-17 03:00:00,151000.00,TradingEconomics
2026-07-17 03:10:01,151000.00,TradingEconomics
2026-07-17 03:20:00,151000.00,TradingEconomics
2026-07-17 03:30:00,151000.00,TradingEconomics
2026-07-17 03:40:02,151000.00,TradingEconomics
2026-07-17 03:50:02,151000.00,TradingEconomics
2026-07-17 04:00:00,151000.00,TradingEconomics
2026-07-17 04:10:05,151000.00,TradingEconomics
2026-07-17 04:20:04,151000.00,TradingEconomics
2026-07-17 04:30:00,151000.00,TradingEconomics
2026-07-17 04:40:00,151000.00,TradingEconomics
2026-07-17 04:50:00,151000.00,TradingEconomics
2026-07-17 05:00:03,151000.00,TradingEconomics
2026-07-17 05:10:00,151000.00,TradingEconomics
2026-07-17 05:20:00,151000.00,TradingEconomics
2026-07-17 05:30:05,151000.00,TradingEconomics
2026-07-17 05:40:00,151000.00,TradingEconomics
2026-07-17 05:50:00,151000.00,TradingEconomics
2026-07-17 06:00:05,151000.00,TradingEconomics
2026-07-17 06:10:01,151000.00,TradingEconomics
2026-07-17 06:20:02,151000.00,TradingEconomics
2026-07-17 06:30:00,151000.00,TradingEconomics
2026-07-17 06:40:00,151000.00,TradingEconomics
2026-07-17 06:50:00,151000.00,TradingEconomics
2026-07-17 07:00:00,151000.00,TradingEconomics
2026-07-17 07:10:04,151000.00,TradingEconomics
2026-07-17 07:20:04,151000.00,TradingEconomics
2026-07-17 07:30:00,151000.00,TradingEconomics
2026-07-17 07:40:03,151000.00,TradingEconomics
2026-07-17 07:50:01,151000.00,TradingEconomics
2026-07-17 08:36:38,151000.00,TradingEconomics
2026-07-17 08:40:05,151000.00,TradingEconomics
2026-07-17 08:50:00,151000.00,TradingEconomics
2026-07-17 09:00:05,151000.00,TradingEconomics
2026-07-17 09:10:05,151000.00,TradingEconomics
2026-07-17 09:20:05,151000.00,TradingEconomics
2026-07-17 09:30:03,151000.00,TradingEconomics
2026-07-17 09:40:00,151000.00,TradingEconomics
2026-07-17 09:50:03,151000.00,TradingEconomics
2026-07-17 10:00:01,151000.00,TradingEconomics
2026-07-17 10:10:00,151000.00,TradingEconomics
2026-07-17 10:20:01,151000.00,TradingEconomics
2026-07-17 10:30:03,151000.00,TradingEconomics
2026-07-17 10:40:01,151000.00,TradingEconomics
2026-07-17 10:50:01,151000.00,TradingEconomics
2026-07-17 11:00:00,151000.00,TradingEconomics
2026-07-17 11:10:03,151000.00,TradingEconomics
2026-07-17 11:20:00,151000.00,TradingEconomics
2026-07-17 11:30:04,151000.00,TradingEconomics
2026-07-17 11:40:05,151000.00,TradingEconomics
2026-07-17 11:50:00,151000.00,TradingEconomics
2026-07-17 12:00:00,151000.00,TradingEconomics
2026-07-17 12:10:00,152000.00,TradingEconomics
2026-07-17 12:20:00,152000.00,TradingEconomics
2026-07-17 12:30:00,152000.00,TradingEconomics
2026-07-17 12:40:03,152000.00,TradingEconomics
2026-07-17 12:50:02,152000.00,TradingEconomics
2026-07-17 13:00:00,152000.00,TradingEconomics
2026-07-17 13:10:00,152000.00,TradingEconomics
2026-07-17 13:20:02,152000.00,TradingEconomics
2026-07-17 13:30:00,152000.00,TradingEconomics
2026-07-17 13:40:00,152000.00,TradingEconomics
2026-07-17 13:50:04,152000.00,TradingEconomics
2026-07-17 14:00:00,152000.00,TradingEconomics
2026-07-17 14:10:00,152000.00,TradingEconomics
2026-07-17 14:20:00,152000.00,TradingEconomics
2026-07-17 14:30:00,152000.00,TradingEconomics
2026-07-17 14:40:00,152000.00,TradingEconomics
2026-07-17 14:50:03,152000.00,TradingEconomics
2026-07-17 15:00:00,152000.00,TradingEconomics
2026-07-17 15:10:00,152000.00,TradingEconomics
2026-07-17 15:20:00,152000.00,TradingEconomics
2026-07-17 15:30:02,152000.00,TradingEconomics
2026-07-17 15:40:02,152000.00,TradingEconomics
2026-07-17 15:50:00,152000.00,TradingEconomics
2026-07-17 16:00:03,152000.00,TradingEconomics
2026-07-17 16:10:00,152000.00,TradingEconomics
2026-07-17 16:20:00,152000.00,TradingEconomics
2026-07-17 16:30:04,152000.00,TradingEconomics
2026-07-17 16:40:00,152000.00,TradingEconomics
2026-07-17 16:50:00,152000.00,TradingEconomics
2026-07-17 17:00:00,152000.00,TradingEconomics
2026-07-17 17:10:00,152000.00,TradingEconomics
2026-07-17 17:20:03,152000.00,TradingEconomics
2026-07-17 17:30:00,152000.00,TradingEconomics
2026-07-17 19:23:14,152000.00,TradingEconomics
2026-07-17 19:30:02,152000.00,TradingEconomics
2026-07-17 19:40:00,152000.00,TradingEconomics
2026-07-17 19:50:03,152000.00,TradingEconomics
2026-07-17 20:00:00,152000.00,TradingEconomics
2026-07-17 20:10:04,152000.00,TradingEconomics
2026-07-17 20:20:05,152000.00,TradingEconomics
2026-07-17 20:30:04,152000.00,TradingEconomics
2026-07-17 20:40:00,152000.00,TradingEconomics
2026-07-17 20:50:03,152000.00,TradingEconomics
2026-07-17 21:00:05,152000.00,TradingEconomics
2026-07-17 21:10:04,152000.00,TradingEconomics
2026-07-17 21:20:03,152000.00,TradingEconomics
2026-07-17 21:30:00,152000.00,TradingEconomics
2026-07-17 21:40:02,152000.00,TradingEconomics
2026-07-17 21:50:03,152000.00,TradingEconomics
2026-07-17 22:00:05,152000.00,TradingEconomics
2026-07-17 22:10:04,152000.00,TradingEconomics
2026-07-17 22:20:03,152000.00,TradingEconomics
2026-07-17 22:30:00,152000.00,TradingEconomics
2026-07-17 22:40:04,152000.00,TradingEconomics
2026-07-17 22:50:03,152000.00,TradingEconomics
2026-07-17 23:00:00,152000.00,TradingEconomics
2026-07-17 23:10:02,152000.00,TradingEconomics
2026-07-17 23:20:03,152000.00,TradingEconomics
2026-07-17 23:30:01,152000.00,TradingEconomics
2026-07-17 23:40:00,152000.00,TradingEconomics
2026-07-17 23:50:03,152000.00,TradingEconomics
2026-07-18 00:00:02,152000.00,TradingEconomics
2026-07-18 00:10:00,152000.00,TradingEconomics
2026-07-18 00:30:04,152000.00,TradingEconomics
2026-07-18 00:40:00,152000.00,TradingEconomics
2026-07-18 00:50:05,152000.00,TradingEconomics
2026-07-18 01:00:00,152000.00,TradingEconomics
2026-07-18 01:10:03,152000.00,TradingEconomics
2026-07-18 01:20:03,152000.00,TradingEconomics
2026-07-18 01:30:03,152000.00,TradingEconomics
2026-07-18 01:40:01,152000.00,TradingEconomics
2026-07-18 01:50:03,152000.00,TradingEconomics
2026-07-18 02:00:00,152000.00,TradingEconomics
2026-07-18 02:10:00,152000.00,TradingEconomics
2026-07-18 02:20:03,152000.00,TradingEconomics
2026-07-18 02:30:00,152000.00,TradingEconomics
2026-07-18 02:40:00,152000.00,TradingEconomics
2026-07-18 02:50:03,152000.00,TradingEconomics
2026-07-18 03:00:00,152000.00,TradingEconomics
2026-07-18 03:10:03,152000.00,TradingEconomics
2026-07-18 03:20:03,152000.00,TradingEconomics
2026-07-18 03:30:00,152000.00,TradingEconomics
2026-07-18 03:40:05,152000.00,TradingEconomics
2026-07-18 03:50:03,152000.00,TradingEconomics
2026-07-18 04:00:00,152000.00,TradingEconomics
2026-07-18 04:10:00,152000.00,TradingEconomics
2026-07-18 04:20:03,152000.00,TradingEconomics
2026-07-18 04:30:00,152000.00,TradingEconomics
2026-07-18 04:40:00,152000.00,TradingEconomics
2026-07-18 04:50:03,152000.00,TradingEconomics
2026-07-18 05:10:00,152000.00,TradingEconomics
2026-07-18 05:30:03,152000.00,TradingEconomics
2026-07-18 05:40:00,152000.00,TradingEconomics
2026-07-18 05:50:03,152000.00,TradingEconomics
2026-07-18 06:00:03,152000.00,TradingEconomics
2026-07-18 06:10:05,152000.00,TradingEconomics
2026-07-18 06:20:03,152000.00,TradingEconomics
2026-07-18 06:30:00,152000.00,TradingEconomics
2026-07-18 06:40:02,152000.00,TradingEconomics
2026-07-18 06:50:04,152000.00,TradingEconomics
2026-07-18 07:00:00,152000.00,TradingEconomics
2026-07-18 07:10:00,152000.00,TradingEconomics
2026-07-18 07:20:03,152000.00,TradingEconomics
2026-07-18 07:30:02,152000.00,TradingEconomics
2026-07-18 07:40:04,152000.00,TradingEconomics
2026-07-18 07:50:03,152000.00,TradingEconomics
2026-07-18 08:00:00,152000.00,TradingEconomics
2026-07-18 08:10:05,152000.00,TradingEconomics
2026-07-18 08:20:03,152000.00,TradingEconomics
2026-07-18 08:30:00,152000.00,TradingEconomics
2026-07-18 08:40:00,152000.00,TradingEconomics
2026-07-18 08:50:03,152000.00,TradingEconomics
2026-07-18 09:00:00,152000.00,TradingEconomics
2026-07-18 09:10:00,152000.00,TradingEconomics
2026-07-18 09:20:05,152000.00,TradingEconomics
2026-07-18 09:30:00,152000.00,TradingEconomics
2026-07-18 09:40:03,152000.00,TradingEconomics
2026-07-18 09:50:03,152000.00,TradingEconomics
2026-07-18 10:00:04,152000.00,TradingEconomics
2026-07-18 10:10:00,152000.00,TradingEconomics
2026-07-18 10:20:03,152000.00,TradingEconomics
2026-07-18 10:30:05,152000.00,TradingEconomics
2026-07-18 10:40:01,152000.00,TradingEconomics
2026-07-18 10:50:03,152000.00,TradingEconomics
2026-07-18 11:00:00,152000.00,TradingEconomics
2026-07-18 11:10:00,152000.00,TradingEconomics
2026-07-18 11:20:03,152000.00,TradingEconomics
2026-07-18 11:30:05,152000.00,TradingEconomics
2026-07-18 11:40:02,152000.00,TradingEconomics
2026-07-18 11:50:05,152000.00,TradingEconomics
2026-07-18 12:00:00,152000.00,TradingEconomics
2026-07-18 12:10:00,152000.00,TradingEconomics
2026-07-18 12:20:03,152000.00,TradingEconomics
2026-07-18 12:30:00,152000.00,TradingEconomics
2026-07-18 12:40:00,152000.00,TradingEconomics
2026-07-18 12:50:05,152000.00,TradingEconomics
2026-07-18 13:00:00,152000.00,TradingEconomics
2026-07-18 13:10:02,152000.00,TradingEconomics
2026-07-18 13:20:03,152000.00,TradingEconomics
2026-07-18 13:30:00,152000.00,TradingEconomics
2026-07-18 13:40:01,152000.00,TradingEconomics
2026-07-18 13:50:03,152000.00,TradingEconomics
2026-07-18 14:00:00,152000.00,TradingEconomics
2026-07-18 14:10:00,152000.00,TradingEconomics
2026-07-18 14:20:03,152000.00,TradingEconomics
2026-07-18 14:30:03,152000.00,TradingEconomics
2026-07-18 14:40:03,152000.00,TradingEconomics
2026-07-18 14:50:03,152000.00,TradingEconomics
2026-07-18 15:00:01,152000.00,TradingEconomics
2026-07-18 15:10:00,152000.00,TradingEconomics
2026-07-18 15:20:03,152000.00,TradingEconomics
2026-07-18 15:30:00,152000.00,TradingEconomics
2026-07-18 15:40:05,152000.00,TradingEconomics
2026-07-18 15:50:03,152000.00,TradingEconomics
2026-07-18 16:00:00,152000.00,TradingEconomics
2026-07-18 16:10:00,152000.00,TradingEconomics
2026-07-18 16:20:03,152000.00,TradingEconomics
2026-07-18 16:30:04,152000.00,TradingEconomics
2026-07-18 16:40:03,152000.00,TradingEconomics
2026-07-18 16:50:05,152000.00,TradingEconomics
2026-07-18 17:00:00,152000.00,TradingEconomics
2026-07-18 17:10:00,152000.00,TradingEconomics
2026-07-18 17:20:03,152000.00,TradingEconomics
2026-07-18 17:30:01,152000.00,TradingEconomics
2026-07-18 17:40:03,152000.00,TradingEconomics
2026-07-18 17:50:00,152000.00,TradingEconomics
2026-07-18 18:00:03,152000.00,TradingEconomics
2026-07-18 18:10:04,152000.00,TradingEconomics
2026-07-18 18:20:04,152000.00,TradingEconomics
2026-07-18 18:30:03,152000.00,TradingEconomics
2026-07-18 18:40:00,152000.00,TradingEconomics
2026-07-18 18:50:03,152000.00,TradingEconomics
2026-07-18 19:00:02,152000.00,TradingEconomics
2026-07-18 19:10:02,152000.00,TradingEconomics
2026-07-18 19:20:03,152000.00,TradingEconomics
2026-07-18 19:30:04,152000.00,TradingEconomics
2026-07-18 19:40:01,152000.00,TradingEconomics
2026-07-18 19:50:05,152000.00,TradingEconomics
2026-07-18 20:00:01,152000.00,TradingEconomics
2026-07-18 20:10:01,152000.00,TradingEconomics
2026-07-18 20:20:03,152000.00,TradingEconomics
2026-07-18 20:30:01,152000.00,TradingEconomics
2026-07-18 20:40:02,152000.00,TradingEconomics
2026-07-18 20:50:03,152000.00,TradingEconomics
2026-07-18 21:00:01,152000.00,TradingEconomics
2026-07-18 21:10:00,152000.00,TradingEconomics
2026-07-18 21:20:03,152000.00,TradingEconomics
2026-07-18 21:30:05,152000.00,TradingEconomics
2026-07-18 21:40:01,152000.00,TradingEconomics
2026-07-18 21:50:04,152000.00,TradingEconomics
2026-07-18 22:00:06,152000.00,TradingEconomics
2026-07-18 22:10:02,152000.00,TradingEconomics
2026-07-18 22:20:04,152000.00,TradingEconomics
2026-07-18 22:30:02,152000.00,TradingEconomics
2026-07-18 22:40:06,152000.00,TradingEconomics
2026-07-18 22:50:04,152000.00,TradingEconomics
2026-07-18 23:00:04,152000.00,TradingEconomics
2026-07-18 23:10:00,152000.00,TradingEconomics
2026-07-18 23:20:03,152000.00,TradingEconomics
2026-07-18 23:30:00,152000.00,TradingEconomics
2026-07-18 23:40:00,152000.00,TradingEconomics
2026-07-18 23:50:03,152000.00,TradingEconomics
2026-07-19 00:00:05,152000.00,TradingEconomics
2026-07-19 00:10:00,152000.00,TradingEconomics
2026-07-19 00:20:04,152000.00,TradingEconomics
2026-07-19 00:30:04,152000.00,TradingEconomics
2026-07-19 00:40:00,152000.00,TradingEconomics
2026-07-19 00:50:03,152000.00,TradingEconomics
2026-07-19 01:00:04,152000.00,TradingEconomics
2026-07-19 01:10:00,152000.00,TradingEconomics
2026-07-19 01:20:03,152000.00,TradingEconomics
2026-07-19 01:30:00,152000.00,TradingEconomics
2026-07-19 01:40:00,152000.00,TradingEconomics
2026-07-19 01:50:03,152000.00,TradingEconomics
2026-07-19 02:00:00,152000.00,TradingEconomics
2026-07-19 02:10:00,152000.00,TradingEconomics
2026-07-19 02:20:03,152000.00,TradingEconomics
2026-07-19 02:30:00,152000.00,TradingEconomics
2026-07-19 02:40:00,152000.00,TradingEconomics
2026-07-19 02:50:03,152000.00,TradingEconomics
2026-07-19 03:00:03,152000.00,TradingEconomics
2026-07-19 03:10:00,152000.00,TradingEconomics
2026-07-19 03:20:03,152000.00,TradingEconomics
2026-07-19 03:30:00,152000.00,TradingEconomics
2026-07-19 03:40:01,152000.00,TradingEconomics
2026-07-19 03:50:04,152000.00,TradingEconomics
2026-07-19 04:00:00,152000.00,TradingEconomics
2026-07-19 04:10:00,152000.00,TradingEconomics
2026-07-19 04:20:04,152000.00,TradingEconomics
2026-07-19 04:30:05,152000.00,TradingEconomics
2026-07-19 04:40:04,152000.00,TradingEconomics
2026-07-19 04:50:03,152000.00,TradingEconomics
2026-07-19 05:00:00,152000.00,TradingEconomics
2026-07-19 05:10:02,152000.00,TradingEconomics
2026-07-19 05:30:00,152000.00,TradingEconomics
2026-07-19 05:40:00,152000.00,TradingEconomics
2026-07-19 05:50:05,152000.00,TradingEconomics
2026-07-19 06:00:00,152000.00,TradingEconomics
2026-07-19 06:10:01,152000.00,TradingEconomics
2026-07-19 06:20:03,152000.00,TradingEconomics
2026-07-19 06:30:00,152000.00,TradingEconomics
2026-07-19 06:40:04,152000.00,TradingEconomics
2026-07-19 06:50:03,152000.00,TradingEconomics
2026-07-19 07:00:00,152000.00,TradingEconomics
2026-07-19 07:10:03,152000.00,TradingEconomics
2026-07-19 07:20:03,152000.00,TradingEconomics
2026-07-19 07:30:00,152000.00,TradingEconomics
2026-07-19 07:40:00,152000.00,TradingEconomics
2026-07-19 07:50:03,152000.00,TradingEconomics
2026-07-19 08:00:02,152000.00,TradingEconomics
2026-07-19 08:10:04,152000.00,TradingEconomics
2026-07-19 08:20:03,152000.00,TradingEconomics
2026-07-19 08:30:00,152000.00,TradingEconomics
2026-07-19 08:40:03,152000.00,TradingEconomics
2026-07-19 08:50:03,152000.00,TradingEconomics
2026-07-19 09:00:00,152000.00,TradingEconomics
2026-07-19 09:10:01,152000.00,TradingEconomics
2026-07-19 09:20:03,152000.00,TradingEconomics
2026-07-19 09:30:00,152000.00,TradingEconomics
2026-07-19 09:40:00,152000.00,TradingEconomics
2026-07-19 09:50:03,152000.00,TradingEconomics
2026-07-19 10:00:00,152000.00,TradingEconomics
2026-07-19 10:10:01,152000.00,TradingEconomics
2026-07-19 10:20:03,152000.00,TradingEconomics
2026-07-19 10:30:00,152000.00,TradingEconomics
2026-07-19 10:40:00,152000.00,TradingEconomics
2026-07-19 10:50:04,152000.00,TradingEconomics
2026-07-19 11:00:05,152000.00,TradingEconomics
2026-07-19 11:10:00,152000.00,TradingEconomics
2026-07-19 11:20:03,152000.00,TradingEconomics
2026-07-19 11:30:05,152000.00,TradingEconomics
2026-07-19 11:40:00,152000.00,TradingEconomics
2026-07-19 11:50:03,152000.00,TradingEconomics
2026-07-19 12:00:00,152000.00,TradingEconomics
2026-07-19 12:10:00,152000.00,TradingEconomics
2026-07-19 12:20:03,152000.00,TradingEconomics
2026-07-19 12:30:02,152000.00,TradingEconomics
2026-07-19 12:40:02,152000.00,TradingEconomics
2026-07-19 12:50:05,152000.00,TradingEconomics
2026-07-19 13:00:03,152000.00,TradingEconomics
2026-07-19 13:10:04,152000.00,TradingEconomics
2026-07-19 13:20:03,152000.00,TradingEconomics
2026-07-19 13:30:00,152000.00,TradingEconomics
2026-07-19 13:40:01,152000.00,TradingEconomics
2026-07-19 13:50:05,152000.00,TradingEconomics
2026-07-19 14:00:02,152000.00,TradingEconomics
2026-07-19 14:10:04,152000.00,TradingEconomics
2026-07-19 14:20:03,152000.00,TradingEconomics
2026-07-19 14:30:03,152000.00,TradingEconomics
2026-07-19 14:40:00,152000.00,TradingEconomics
2026-07-19 14:50:03,152000.00,TradingEconomics
2026-07-19 15:00:00,152000.00,TradingEconomics
2026-07-19 15:10:00,152000.00,TradingEconomics
2026-07-19 15:20:03,152000.00,TradingEconomics
2026-07-19 15:30:02,152000.00,TradingEconomics
2026-07-19 15:40:00,152000.00,TradingEconomics
2026-07-19 15:50:03,152000.00,TradingEconomics
2026-07-19 16:00:00,152000.00,TradingEconomics
2026-07-19 16:10:01,152000.00,TradingEconomics
2026-07-19 16:20:04,152000.00,TradingEconomics
2026-07-19 16:30:00,152000.00,TradingEconomics
2026-07-19 16:40:00,152000.00,TradingEconomics
2026-07-19 16:50:03,152000.00,TradingEconomics
2026-07-19 17:00:00,152000.00,TradingEconomics
2026-07-19 17:10:00,152000.00,TradingEconomics
2026-07-19 17:20:03,152000.00,TradingEconomics
2026-07-19 17:30:00,152000.00,TradingEconomics
2026-07-19 17:40:00,152000.00,TradingEconomics
2026-07-19 17:50:05,152000.00,TradingEconomics
2026-07-19 18:00:00,152000.00,TradingEconomics
2026-07-19 18:10:02,152000.00,TradingEconomics
2026-07-19 18:20:03,152000.00,TradingEconomics
2026-07-19 18:30:00,152000.00,TradingEconomics
2026-07-19 18:40:00,152000.00,TradingEconomics
2026-07-19 18:50:03,152000.00,TradingEconomics
2026-07-19 19:00:00,152000.00,TradingEconomics
2026-07-19 19:10:04,152000.00,TradingEconomics
2026-07-19 19:20:03,152000.00,TradingEconomics
2026-07-19 19:30:02,152000.00,TradingEconomics
2026-07-19 19:40:05,152000.00,TradingEconomics
2026-07-19 19:50:05,152000.00,TradingEconomics
2026-07-19 20:00:05,152000.00,TradingEconomics
2026-07-19 20:10:01,152000.00,TradingEconomics
2026-07-19 20:20:03,152000.00,TradingEconomics
2026-07-19 20:30:00,152000.00,TradingEconomics
2026-07-19 20:40:03,152000.00,TradingEconomics
2026-07-19 20:50:03,152000.00,TradingEconomics
2026-07-20 08:40:04,152000.00,TradingEconomics
2026-07-20 08:50:05,152000.00,TradingEconomics
2026-07-20 09:00:04,152000.00,TradingEconomics
2026-07-20 09:10:00,152000.00,TradingEconomics
2026-07-20 09:20:05,152000.00,TradingEconomics
2026-07-20 09:30:05,152000.00,TradingEconomics
2026-07-20 09:40:04,152000.00,TradingEconomics
2026-07-20 09:50:04,152000.00,TradingEconomics
2026-07-20 10:00:05,152000.00,TradingEconomics
2026-07-20 10:10:00,152000.00,TradingEconomics
2026-07-20 10:20:00,152000.00,TradingEconomics
2026-07-20 10:30:02,152000.00,TradingEconomics
2026-07-20 10:40:00,152000.00,TradingEconomics
2026-07-20 10:50:00,152000.00,TradingEconomics
2026-07-20 11:00:04,152000.00,TradingEconomics
2026-07-20 11:10:05,152000.00,TradingEconomics
2026-07-20 11:20:05,152000.00,TradingEconomics
2026-07-20 11:30:02,152000.00,TradingEconomics
2026-07-20 11:40:04,152000.00,TradingEconomics
2026-07-20 11:50:00,152000.00,TradingEconomics
2026-07-20 12:00:04,152000.00,TradingEconomics
2026-07-20 12:10:00,151500.00,TradingEconomics
2026-07-20 12:20:04,151500.00,TradingEconomics
2026-07-20 12:30:03,151500.00,TradingEconomics
2026-07-20 12:40:00,151500.00,TradingEconomics
2026-07-20 12:50:00,151500.00,TradingEconomics
2026-07-20 13:00:00,151500.00,TradingEconomics
2026-07-20 13:10:05,151500.00,TradingEconomics
2026-07-20 13:20:01,151500.00,TradingEconomics
2026-07-20 13:30:00,151500.00,TradingEconomics
2026-07-20 13:40:05,151500.00,TradingEconomics
2026-07-20 13:50:00,151500.00,TradingEconomics
2026-07-20 14:00:00,151500.00,TradingEconomics
2026-07-20 14:10:04,151500.00,TradingEconomics
2026-07-20 14:20:02,151500.00,TradingEconomics
2026-07-20 14:30:01,151500.00,TradingEconomics
2026-07-20 14:40:04,151500.00,TradingEconomics
2026-07-20 14:50:02,151500.00,TradingEconomics
2026-07-20 15:00:00,151500.00,TradingEconomics
2026-07-20 15:10:00,151500.00,TradingEconomics
2026-07-20 15:20:00,151500.00,TradingEconomics
2026-07-20 15:30:01,151500.00,TradingEconomics
2026-07-20 15:40:01,151500.00,TradingEconomics
2026-07-20 15:50:00,151500.00,TradingEconomics
2026-07-20 16:00:04,151500.00,TradingEconomics
2026-07-20 16:10:01,151500.00,TradingEconomics
2026-07-20 16:20:01,151500.00,TradingEconomics
2026-07-20 16:30:05,151500.00,TradingEconomics
2026-07-20 16:40:00,151500.00,TradingEconomics
2026-07-20 16:50:01,151500.00,TradingEconomics
2026-07-20 17:00:04,151500.00,TradingEconomics
2026-07-20 17:10:00,151500.00,TradingEconomics
2026-07-20 17:20:01,151500.00,TradingEconomics
2026-07-20 17:30:01,151500.00,TradingEconomics
2026-07-20 18:17:59,151500.00,TradingEconomics
2026-07-20 18:20:00,151500.00,TradingEconomics
2026-07-20 18:30:04,151500.00,TradingEconomics
2026-07-20 18:40:03,151500.00,TradingEconomics
2026-07-20 18:50:05,151500.00,TradingEconomics
2026-07-20 19:00:05,151500.00,TradingEconomics
2026-07-20 19:10:03,151500.00,TradingEconomics
2026-07-20 19:20:05,151500.00,TradingEconomics
2026-07-20 19:30:00,151500.00,TradingEconomics
2026-07-20 19:40:00,151500.00,TradingEconomics
2026-07-20 19:50:03,151500.00,TradingEconomics
2026-07-20 20:00:02,151500.00,TradingEconomics
2026-07-20 20:10:04,151500.00,TradingEconomics
2026-07-20 20:20:03,151500.00,TradingEconomics
2026-07-20 20:30:02,151500.00,TradingEconomics
2026-07-20 20:40:00,151500.00,TradingEconomics
2026-07-20 20:50:01,151500.00,TradingEconomics
2026-07-20 21:00:03,151500.00,TradingEconomics
2026-07-20 21:10:00,151500.00,TradingEconomics
2026-07-20 21:20:05,151500.00,TradingEconomics
2026-07-20 21:30:00,151500.00,TradingEconomics
2026-07-20 21:40:00,151500.00,TradingEconomics
2026-07-20 21:50:00,151500.00,TradingEconomics
2026-07-20 22:00:04,151500.00,TradingEconomics
2026-07-20 22:10:05,151500.00,TradingEconomics
2026-07-20 22:20:02,151500.00,TradingEconomics
2026-07-20 22:30:00,151500.00,TradingEconomics
2026-07-20 22:40:01,151500.00,TradingEconomics
2026-07-20 22:50:00,151500.00,TradingEconomics
2026-07-20 23:00:01,151500.00,TradingEconomics
2026-07-20 23:10:00,151500.00,TradingEconomics
2026-07-20 23:20:00,151500.00,TradingEconomics
2026-07-20 23:30:02,151500.00,TradingEconomics
2026-07-20 23:40:01,151500.00,TradingEconomics
2026-07-20 23:50:02,151500.00,TradingEconomics
2026-07-21 00:00:00,151500.00,TradingEconomics
2026-07-21 00:10:04,151500.00,TradingEconomics
2026-07-21 00:20:00,151500.00,TradingEconomics
2026-07-21 00:30:00,151500.00,TradingEconomics
2026-07-21 00:40:02,151500.00,TradingEconomics
2026-07-21 00:50:04,151500.00,TradingEconomics
2026-07-21 01:00:01,151500.00,TradingEconomics
2026-07-21 01:10:05,151500.00,TradingEconomics
2026-07-21 01:20:00,151500.00,TradingEconomics
2026-07-21 01:30:03,151500.00,TradingEconomics
2026-07-21 01:40:03,151500.00,TradingEconomics
2026-07-21 01:50:05,151500.00,TradingEconomics
2026-07-21 02:00:00,151500.00,TradingEconomics
2026-07-21 02:10:00,151500.00,TradingEconomics
2026-07-21 02:20:05,151500.00,TradingEconomics
2026-07-21 02:30:00,151500.00,TradingEconomics
2026-07-21 02:40:00,151500.00,TradingEconomics
2026-07-21 02:50:02,151500.00,TradingEconomics
2026-07-21 03:00:04,151500.00,TradingEconomics
2026-07-21 03:10:00,151500.00,TradingEconomics
2026-07-21 03:20:00,151500.00,TradingEconomics
2026-07-21 03:30:00,151500.00,TradingEconomics
2026-07-21 03:40:03,151500.00,TradingEconomics
2026-07-21 03:50:00,151500.00,TradingEconomics
2026-07-21 04:00:00,151500.00,TradingEconomics
2026-07-21 04:10:02,151500.00,TradingEconomics
2026-07-21 04:20:01,151500.00,TradingEconomics
2026-07-21 04:30:00,151500.00,TradingEconomics
2026-07-21 04:40:03,151500.00,TradingEconomics
2026-07-21 04:50:00,151500.00,TradingEconomics
2026-07-21 05:00:01,151500.00,TradingEconomics
2026-07-21 05:10:05,151500.00,TradingEconomics
2026-07-21 05:20:01,151500.00,TradingEconomics
2026-07-21 05:30:00,151500.00,TradingEconomics
2026-07-21 05:40:05,151500.00,TradingEconomics
2026-07-21 05:50:00,151500.00,TradingEconomics
2026-07-21 06:00:00,151500.00,TradingEconomics
2026-07-21 06:10:00,151500.00,TradingEconomics
2026-07-21 06:20:04,151500.00,TradingEconomics
2026-07-21 06:30:04,151500.00,TradingEconomics
2026-07-21 06:40:01,151500.00,TradingEconomics
2026-07-21 06:50:00,151500.00,TradingEconomics
2026-07-21 07:00:00,151500.00,TradingEconomics
2026-07-21 07:10:00,151500.00,TradingEconomics
2026-07-21 07:20:01,151500.00,TradingEconomics
2026-07-21 07:30:02,151500.00,TradingEconomics
2026-07-21 07:40:03,151500.00,TradingEconomics
2026-07-21 07:50:02,151500.00,TradingEconomics
2026-07-21 08:40:05,151500.00,TradingEconomics
2026-07-21 08:50:00,151500.00,TradingEconomics
2026-07-21 09:00:00,151500.00,TradingEconomics
2026-07-21 09:10:03,151500.00,TradingEconomics
2026-07-21 09:20:04,151500.00,TradingEconomics
2026-07-21 09:30:05,151500.00,TradingEconomics
2026-07-21 09:40:01,151500.00,TradingEconomics
2026-07-21 09:50:02,151500.00,TradingEconomics
2026-07-21 10:00:02,151500.00,TradingEconomics
2026-07-21 10:10:01,151500.00,TradingEconomics
2026-07-21 10:20:04,151500.00,TradingEconomics
2026-07-21 10:30:02,151500.00,TradingEconomics
2026-07-21 10:40:04,151500.00,TradingEconomics
2026-07-21 10:50:00,151500.00,TradingEconomics
2026-07-21 11:00:00,151500.00,TradingEconomics
2026-07-21 11:10:00,151500.00,TradingEconomics
2026-07-21 11:20:00,151500.00,TradingEconomics
2026-07-21 11:30:00,151500.00,TradingEconomics
2026-07-21 11:40:00,151500.00,TradingEconomics
2026-07-21 11:50:04,151500.00,TradingEconomics
2026-07-21 12:00:04,151500.00,TradingEconomics
2026-07-21 12:10:00,144000.00,TradingEconomics
2026-07-21 12:20:00,144000.00,TradingEconomics
2026-07-21 12:30:03,144000.00,TradingEconomics
2026-07-21 12:40:04,144000.00,TradingEconomics
2026-07-21 12:50:00,144000.00,TradingEconomics
2026-07-21 13:00:00,144000.00,TradingEconomics
2026-07-21 13:10:04,144000.00,TradingEconomics
2026-07-21 13:20:01,144000.00,TradingEconomics
2026-07-21 13:30:05,144000.00,TradingEconomics
2026-07-21 13:40:01,144000.00,TradingEconomics
2026-07-21 13:50:00,144000.00,TradingEconomics
2026-07-21 14:00:01,144000.00,TradingEconomics
2026-07-21 14:10:05,144000.00,TradingEconomics
2026-07-21 14:20:00,144000.00,TradingEconomics
2026-07-21 14:30:01,144000.00,TradingEconomics
2026-07-21 14:40:00,144000.00,TradingEconomics
2026-07-21 14:50:00,144000.00,TradingEconomics
2026-07-21 15:00:03,144000.00,TradingEconomics
2026-07-21 15:10:05,144000.00,TradingEconomics
2026-07-21 15:20:01,144000.00,TradingEconomics
2026-07-21 15:30:03,144000.00,TradingEconomics
2026-07-21 15:40:02,144000.00,TradingEconomics
2026-07-21 15:50:00,144000.00,TradingEconomics
2026-07-21 16:00:00,144000.00,TradingEconomics
2026-07-21 16:10:00,144000.00,TradingEconomics
2026-07-21 16:20:00,144000.00,TradingEconomics
2026-07-21 16:30:00,144000.00,TradingEconomics
2026-07-21 16:40:00,144000.00,TradingEconomics
2026-07-21 16:50:04,144000.00,TradingEconomics
2026-07-21 17:00:00,144000.00,TradingEconomics
2026-07-21 17:10:04,144000.00,TradingEconomics
2026-07-21 17:20:01,144000.00,TradingEconomics
2026-07-21 17:30:01,144000.00,TradingEconomics
2026-07-21 18:32:23,144000.00,TradingEconomics
2026-07-21 18:40:04,144000.00,TradingEconomics
