时间戳,价格(USD/盎司),数据源
2026-07-13 10:22:02,2650.4,模拟数据（仅供测试）
2026-07-13 10:30:16,4067.99,fxratesapi.com
2026-07-13 10:30:51,4067.99,fxratesapi.com
2026-07-13 10:30:54,4067.99,fxratesapi.com
2026-07-13 10:32:55,4067.35,fxratesapi.com
2026-07-13 10:32:55,4067.35,fxratesapi.com
2026-07-13 10:40:00,4076.31,fxratesapi.com
2026-07-13 10:50:02,4070.69,fxratesapi.com
2026-07-13 11:00:02,4069.87,fxratesapi.com
2026-07-13 11:10:00,4060.54,fxratesapi.com
2026-07-13 11:20:01,4059.45,fxratesapi.com
2026-07-13 11:30:02,4059.34,fxratesapi.com
2026-07-13 11:40:04,4057.59,fxratesapi.com
2026-07-13 11:50:01,4058.76,fxratesapi.com
2026-07-13 12:00:01,4059.36,fxratesapi.com
2026-07-13 12:10:00,4057.80,fxratesapi.com
2026-07-13 12:20:00,4055.05,fxratesapi.com
2026-07-13 12:30:01,4056.16,fxratesapi.com
2026-07-13 12:40:00,4056.36,fxratesapi.com
2026-07-13 12:50:00,4054.87,fxratesapi.com
2026-07-13 13:00:00,4056.78,fxratesapi.com
2026-07-13 13:10:00,4064.54,fxratesapi.com
2026-07-13 13:20:00,4066.81,fxratesapi.com
2026-07-13 13:30:01,4062.42,fxratesapi.com
2026-07-13 13:40:03,4064.47,fxratesapi.com
2026-07-13 13:50:00,4060.76,fxratesapi.com
2026-07-13 14:00:01,4057.11,fxratesapi.com
2026-07-13 14:10:00,4046.44,fxratesapi.com
2026-07-13 14:20:00,4051.90,fxratesapi.com
2026-07-13 14:30:01,4058.65,fxratesapi.com
2026-07-13 14:40:00,4060.29,fxratesapi.com
2026-07-13 14:50:03,4058.81,fxratesapi.com
2026-07-13 15:00:02,4053.26,fxratesapi.com
2026-07-13 15:10:00,4053.18,fxratesapi.com
2026-07-13 15:20:03,4057.19,fxratesapi.com
2026-07-13 15:30:04,4057.90,fxratesapi.com
2026-07-13 15:40:01,4060.91,fxratesapi.com
2026-07-13 15:50:01,4058.54,fxratesapi.com
2026-07-13 16:00:03,4061.40,fxratesapi.com
2026-07-13 16:10:02,4068.34,fxratesapi.com
2026-07-13 16:20:02,4074.34,fxratesapi.com
2026-07-13 16:30:01,4075.69,fxratesapi.com
2026-07-13 16:40:02,4073.66,fxratesapi.com
2026-07-13 16:50:03,4074.17,fxratesapi.com
2026-07-13 17:00:03,4075.80,fxratesapi.com
2026-07-13 17:10:03,4074.96,fxratesapi.com
2026-07-13 17:20:00,4073.54,fxratesapi.com
2026-07-13 17:30:01,4075.26,fxratesapi.com
2026-07-13 18:40:45,4067.04,fxratesapi.com
2026-07-13 18:50:02,4051.96,fxratesapi.com
2026-07-13 19:00:01,4059.68,fxratesapi.com
2026-07-13 19:10:05,4065.14,fxratesapi.com
2026-07-13 19:20:02,4064.27,fxratesapi.com
2026-07-13 19:30:00,4062.57,fxratesapi.com
2026-07-13 19:40:04,4066.30,fxratesapi.com
2026-07-13 19:50:00,4064.95,fxratesapi.com
2026-07-13 20:00:01,4056.93,fxratesapi.com
2026-07-13 20:10:02,4058.53,fxratesapi.com
2026-07-13 20:20:02,4058.76,fxratesapi.com
2026-07-13 20:30:01,4061.80,fxratesapi.com
2026-07-13 20:40:01,4062.08,fxratesapi.com
2026-07-13 20:50:04,4064.19,fxratesapi.com
2026-07-13 21:00:04,4066.51,fxratesapi.com
2026-07-13 21:10:04,4062.17,fxratesapi.com
2026-07-13 21:30:00,4061.91,fxratesapi.com
2026-07-13 21:40:04,4059.43,fxratesapi.com
2026-07-13 21:50:00,4055.43,fxratesapi.com
2026-07-13 22:00:00,4052.06,fxratesapi.com
2026-07-13 22:10:00,4036.63,fxratesapi.com
2026-07-13 22:20:00,4033.97,fxratesapi.com
2026-07-13 22:40:03,4007.79,fxratesapi.com
2026-07-13 22:50:01,4004.78,fxratesapi.com
2026-07-13 23:00:00,4010.33,fxratesapi.com
2026-07-13 23:10:00,4012.10,fxratesapi.com
2026-07-13 23:20:00,4014.90,fxratesapi.com
2026-07-13 23:30:00,4015.47,fxratesapi.com
2026-07-13 23:40:01,4015.51,fxratesapi.com
2026-07-13 23:50:02,4012.44,fxratesapi.com
2026-07-14 00:00:01,4013.72,fxratesapi.com
2026-07-14 00:10:01,4016.17,fxratesapi.com
2026-07-14 00:20:03,4012.54,fxratesapi.com
2026-07-14 00:30:00,4009.36,fxratesapi.com
2026-07-14 00:40:04,3993.29,fxratesapi.com
2026-07-14 00:50:04,4000.10,fxratesapi.com
2026-07-14 01:00:00,3989.18,fxratesapi.com
2026-07-14 01:10:04,3996.02,fxratesapi.com
2026-07-14 01:20:00,3998.29,fxratesapi.com
2026-07-14 01:30:04,3998.31,fxratesapi.com
2026-07-14 01:40:05,3998.38,fxratesapi.com
2026-07-14 01:50:00,3998.18,fxratesapi.com
2026-07-14 02:00:00,3993.55,fxratesapi.com
2026-07-14 02:10:00,3992.92,fxratesapi.com
2026-07-14 02:20:02,3992.53,fxratesapi.com
2026-07-14 02:30:00,3995.99,fxratesapi.com
2026-07-14 02:40:00,3999.44,fxratesapi.com
2026-07-14 02:50:00,3999.86,fxratesapi.com
2026-07-14 03:00:00,4003.85,fxratesapi.com
2026-07-14 03:10:03,4003.67,fxratesapi.com
2026-07-14 03:20:00,3998.85,fxratesapi.com
2026-07-14 03:30:00,3999.59,fxratesapi.com
2026-07-14 03:40:02,3996.43,fxratesapi.com
2026-07-14 03:50:00,3998.82,fxratesapi.com
2026-07-14 04:00:00,4000.70,fxratesapi.com
2026-07-14 04:10:02,4005.51,fxratesapi.com
2026-07-14 04:20:00,3998.57,fxratesapi.com
2026-07-14 04:30:05,3999.16,fxratesapi.com
2026-07-14 04:40:00,3998.02,fxratesapi.com
2026-07-14 04:50:00,3999.26,fxratesapi.com
2026-07-14 05:00:00,4001.45,fxratesapi.com
2026-07-14 05:10:02,4001.70,fxratesapi.com
2026-07-14 05:20:03,4001.85,fxratesapi.com
2026-07-14 05:30:02,4001.82,fxratesapi.com
2026-07-14 05:40:03,4001.84,fxratesapi.com
2026-07-14 05:50:00,4001.85,fxratesapi.com
2026-07-14 06:00:00,4001.84,fxratesapi.com
2026-07-14 06:10:02,4003.42,fxratesapi.com
2026-07-14 06:20:03,4004.58,fxratesapi.com
2026-07-14 06:30:00,4004.71,fxratesapi.com
2026-07-14 06:40:00,4004.13,fxratesapi.com
2026-07-14 06:50:00,4003.85,fxratesapi.com
2026-07-14 07:00:02,4002.07,fxratesapi.com
2026-07-14 07:10:00,4002.14,fxratesapi.com
2026-07-14 07:20:05,3999.72,fxratesapi.com
2026-07-14 07:30:01,3999.46,fxratesapi.com
2026-07-14 07:40:00,3995.03,fxratesapi.com
2026-07-14 07:50:00,3994.24,fxratesapi.com
2026-07-14 08:40:05,4003.49,fxratesapi.com
2026-07-14 08:50:05,4002.16,fxratesapi.com
2026-07-14 09:00:00,4005.26,fxratesapi.com
2026-07-14 09:10:00,3996.27,fxratesapi.com
2026-07-14 09:20:00,3998.61,fxratesapi.com
2026-07-14 09:30:00,3997.36,fxratesapi.com
2026-07-14 09:40:01,3996.00,fxratesapi.com
2026-07-14 09:50:04,3999.91,fxratesapi.com
2026-07-14 10:00:04,4004.20,fxratesapi.com
2026-07-14 10:10:00,4010.12,fxratesapi.com
2026-07-14 10:20:03,4016.88,fxratesapi.com
2026-07-14 10:30:00,4015.13,fxratesapi.com
2026-07-14 10:40:00,4015.02,fxratesapi.com
2026-07-14 10:50:01,4011.23,fxratesapi.com
2026-07-14 11:00:04,4011.65,fxratesapi.com
2026-07-14 11:10:04,4016.10,fxratesapi.com
2026-07-14 11:20:00,4014.65,fxratesapi.com
2026-07-14 11:30:04,4016.87,fxratesapi.com
2026-07-14 11:40:03,4015.37,fxratesapi.com
2026-07-14 11:50:00,4015.64,fxratesapi.com
2026-07-14 12:00:00,4017.15,fxratesapi.com
2026-07-14 12:10:04,4016.89,fxratesapi.com
2026-07-14 12:20:00,4015.88,fxratesapi.com
2026-07-14 12:30:00,4016.51,fxratesapi.com
2026-07-14 12:40:01,4022.70,fxratesapi.com
2026-07-14 12:50:00,4020.81,fxratesapi.com
2026-07-14 13:00:01,4018.48,fxratesapi.com
2026-07-14 13:10:04,4021.94,fxratesapi.com
2026-07-14 13:20:00,4022.90,fxratesapi.com
2026-07-14 13:30:00,4022.47,fxratesapi.com
2026-07-14 13:40:03,4030.05,fxratesapi.com
2026-07-14 13:50:00,4031.57,fxratesapi.com
2026-07-14 14:00:01,4031.35,fxratesapi.com
2026-07-14 14:10:01,4029.91,fxratesapi.com
2026-07-14 14:20:00,4030.51,fxratesapi.com
2026-07-14 14:30:03,4025.90,fxratesapi.com
2026-07-14 14:40:01,4025.59,fxratesapi.com
2026-07-14 14:50:05,4025.53,fxratesapi.com
2026-07-14 15:00:02,4023.96,fxratesapi.com
2026-07-14 15:10:04,4027.64,fxratesapi.com
2026-07-14 15:20:00,4026.42,fxratesapi.com
2026-07-14 15:30:00,4028.02,fxratesapi.com
2026-07-14 15:40:02,4025.84,fxratesapi.com
2026-07-14 15:50:00,4023.05,fxratesapi.com
2026-07-14 16:00:00,4022.93,fxratesapi.com
2026-07-14 16:10:00,4019.04,fxratesapi.com
2026-07-14 16:20:00,4019.60,fxratesapi.com
2026-07-14 16:30:01,4021.84,fxratesapi.com
2026-07-14 16:40:02,4020.42,fxratesapi.com
2026-07-14 16:50:04,4020.17,fxratesapi.com
2026-07-14 17:00:02,4017.94,fxratesapi.com
2026-07-14 17:10:01,4019.16,fxratesapi.com
2026-07-14 17:20:00,4019.37,fxratesapi.com
2026-07-14 17:30:00,4018.58,fxratesapi.com
2026-07-14 18:37:43,4016.64,fxratesapi.com
2026-07-14 18:40:02,4017.16,fxratesapi.com
2026-07-14 18:50:00,4019.59,fxratesapi.com
2026-07-14 19:00:00,4020.12,fxratesapi.com
2026-07-14 19:10:03,4021.02,fxratesapi.com
2026-07-14 19:20:00,4022.23,fxratesapi.com
2026-07-14 19:30:03,4027.26,fxratesapi.com
2026-07-14 19:40:00,4029.30,fxratesapi.com
2026-07-14 19:50:01,4026.47,fxratesapi.com
2026-07-14 20:00:05,4030.84,fxratesapi.com
2026-07-14 20:10:05,4028.45,fxratesapi.com
2026-07-14 20:20:04,4027.83,fxratesapi.com
2026-07-14 20:30:05,4028.26,fxratesapi.com
2026-07-14 20:40:00,4090.25,fxratesapi.com
2026-07-14 20:50:03,4090.07,fxratesapi.com
2026-07-14 21:00:03,4072.45,fxratesapi.com
2026-07-14 21:10:03,4075.54,fxratesapi.com
2026-07-14 21:20:00,4078.36,fxratesapi.com
2026-07-14 21:30:05,4084.29,fxratesapi.com
2026-07-14 21:40:01,4080.31,fxratesapi.com
2026-07-14 21:50:01,4084.99,fxratesapi.com
2026-07-14 22:00:03,4076.50,fxratesapi.com
2026-07-14 22:10:03,4075.02,fxratesapi.com
2026-07-14 22:20:00,4074.20,fxratesapi.com
2026-07-14 22:30:01,4076.10,fxratesapi.com
2026-07-14 22:40:00,4079.44,fxratesapi.com
2026-07-14 22:50:00,4081.08,fxratesapi.com
2026-07-14 23:00:01,4083.41,fxratesapi.com
2026-07-14 23:10:02,4089.96,fxratesapi.com
2026-07-14 23:20:00,4089.39,fxratesapi.com
2026-07-14 23:30:00,4085.25,fxratesapi.com
2026-07-14 23:40:00,4078.58,fxratesapi.com
2026-07-14 23:50:03,4074.84,fxratesapi.com
2026-07-15 00:00:00,4067.21,fxratesapi.com
2026-07-15 00:10:01,4060.76,fxratesapi.com
2026-07-15 00:20:00,4063.71,fxratesapi.com
2026-07-15 00:30:01,4060.45,fxratesapi.com
2026-07-15 00:40:00,4060.44,fxratesapi.com
2026-07-15 00:50:00,4059.79,fxratesapi.com
2026-07-15 01:00:00,4061.03,fxratesapi.com
2026-07-15 01:10:00,4058.53,fxratesapi.com
2026-07-15 01:20:03,4056.01,fxratesapi.com
2026-07-15 01:30:04,4062.57,fxratesapi.com
2026-07-15 01:40:00,4062.08,fxratesapi.com
2026-07-15 01:50:03,4058.80,fxratesapi.com
2026-07-15 02:00:01,4063.18,fxratesapi.com
2026-07-15 02:10:00,4061.18,fxratesapi.com
2026-07-15 02:20:00,4061.81,fxratesapi.com
2026-07-15 02:30:00,4058.06,fxratesapi.com
2026-07-15 02:40:00,4056.01,fxratesapi.com
2026-07-15 02:50:00,4047.95,fxratesapi.com
2026-07-15 03:00:00,4052.09,fxratesapi.com
2026-07-15 03:10:01,4053.18,fxratesapi.com
2026-07-15 03:20:02,4056.16,fxratesapi.com
2026-07-15 03:30:04,4052.83,fxratesapi.com
2026-07-15 03:40:00,4051.12,fxratesapi.com
2026-07-15 03:50:05,4053.98,fxratesapi.com
2026-07-15 04:00:04,4056.37,fxratesapi.com
2026-07-15 04:10:00,4055.22,fxratesapi.com
2026-07-15 04:20:00,4054.37,fxratesapi.com
2026-07-15 04:30:02,4053.78,fxratesapi.com
2026-07-15 04:40:02,4050.82,fxratesapi.com
2026-07-15 04:50:00,4050.08,fxratesapi.com
2026-07-15 05:00:00,4052.85,fxratesapi.com
2026-07-15 05:10:01,4053.30,fxratesapi.com
2026-07-15 05:20:00,4054.12,fxratesapi.com
2026-07-15 05:30:00,4054.92,fxratesapi.com
2026-07-15 05:40:00,4055.50,fxratesapi.com
2026-07-15 05:50:00,4055.59,fxratesapi.com
2026-07-15 06:00:03,4055.56,fxratesapi.com
2026-07-15 06:10:02,4052.76,fxratesapi.com
2026-07-15 06:20:00,4049.89,fxratesapi.com
2026-07-15 06:30:00,4050.56,fxratesapi.com
2026-07-15 06:40:02,4051.00,fxratesapi.com
2026-07-15 06:50:00,4049.76,fxratesapi.com
2026-07-15 07:00:00,4049.46,fxratesapi.com
2026-07-15 07:10:00,4049.34,fxratesapi.com
2026-07-15 07:20:01,4048.52,fxratesapi.com
2026-07-15 07:30:00,4051.88,fxratesapi.com
2026-07-15 07:40:01,4054.81,fxratesapi.com
2026-07-15 07:50:01,4053.48,fxratesapi.com
2026-07-15 08:40:03,4054.35,fxratesapi.com
2026-07-15 08:50:01,4055.58,fxratesapi.com
2026-07-15 09:00:05,4058.56,fxratesapi.com
2026-07-15 09:10:00,4057.75,fxratesapi.com
2026-07-15 09:20:00,4056.05,fxratesapi.com
2026-07-15 09:30:00,4054.82,fxratesapi.com
2026-07-15 09:40:00,4046.94,fxratesapi.com
2026-07-15 09:50:00,4040.09,fxratesapi.com
2026-07-15 10:00:02,4039.27,fxratesapi.com
2026-07-15 10:10:00,4039.97,fxratesapi.com
2026-07-15 10:20:00,4034.06,fxratesapi.com
2026-07-15 10:30:00,4031.44,fxratesapi.com
2026-07-15 10:40:02,4036.47,fxratesapi.com
2026-07-15 10:50:01,4040.72,fxratesapi.com
2026-07-15 11:00:00,4037.68,fxratesapi.com
2026-07-15 11:10:02,4038.05,fxratesapi.com
2026-07-15 11:20:03,4034.84,fxratesapi.com
2026-07-15 11:30:00,4032.05,fxratesapi.com
2026-07-15 11:40:01,4034.78,fxratesapi.com
2026-07-15 11:50:01,4030.67,fxratesapi.com
2026-07-15 12:00:00,4031.82,fxratesapi.com
2026-07-15 12:10:00,4030.79,fxratesapi.com
2026-07-15 12:20:00,4032.11,fxratesapi.com
2026-07-15 12:30:01,4034.16,fxratesapi.com
2026-07-15 12:40:00,4032.32,fxratesapi.com
2026-07-15 12:50:03,4031.99,fxratesapi.com
2026-07-15 13:00:00,4033.08,fxratesapi.com
2026-07-15 13:10:04,4030.41,fxratesapi.com
2026-07-15 13:20:00,4027.65,fxratesapi.com
2026-07-15 13:30:05,4026.63,fxratesapi.com
2026-07-15 13:40:01,4028.26,fxratesapi.com
2026-07-15 13:50:01,4028.21,fxratesapi.com
2026-07-15 14:00:05,4033.67,fxratesapi.com
2026-07-15 14:10:05,4028.59,fxratesapi.com
2026-07-15 14:20:04,4026.73,fxratesapi.com
2026-07-15 14:30:05,4027.93,fxratesapi.com
2026-07-15 14:40:04,4028.96,fxratesapi.com
2026-07-15 14:50:05,4030.61,fxratesapi.com
2026-07-15 15:00:02,4032.01,fxratesapi.com
2026-07-15 15:20:04,4028.89,fxratesapi.com
2026-07-15 15:30:05,4021.86,fxratesapi.com
2026-07-15 15:40:05,4021.98,fxratesapi.com
2026-07-15 15:50:05,4024.34,fxratesapi.com
2026-07-15 16:00:05,4024.70,fxratesapi.com
2026-07-15 16:10:00,4024.96,fxratesapi.com
2026-07-15 16:20:03,4022.30,fxratesapi.com
2026-07-15 16:30:05,4023.70,fxratesapi.com
2026-07-15 16:40:05,4025.95,fxratesapi.com
2026-07-15 16:50:05,4028.78,fxratesapi.com
2026-07-15 17:00:01,4031.55,fxratesapi.com
2026-07-15 17:10:02,4033.22,fxratesapi.com
2026-07-15 17:20:01,4029.73,fxratesapi.com
2026-07-15 17:30:02,4028.43,fxratesapi.com
2026-07-15 18:44:39,4031.88,fxratesapi.com
2026-07-15 18:50:05,4028.12,fxratesapi.com
2026-07-15 19:00:00,4027.99,fxratesapi.com
2026-07-15 19:10:05,4029.54,fxratesapi.com
2026-07-15 19:20:05,4030.05,fxratesapi.com
2026-07-15 19:30:03,4030.72,fxratesapi.com
2026-07-15 19:40:03,4032.61,fxratesapi.com
2026-07-15 19:50:02,4037.56,fxratesapi.com
2026-07-15 20:00:00,4036.57,fxratesapi.com
2026-07-15 20:10:05,4038.64,fxratesapi.com
2026-07-15 20:20:01,4039.89,fxratesapi.com
2026-07-15 20:30:04,4038.24,fxratesapi.com
2026-07-15 20:40:00,4057.67,fxratesapi.com
2026-07-15 20:50:05,4062.58,fxratesapi.com
2026-07-15 21:00:00,4062.72,fxratesapi.com
2026-07-15 21:10:05,4072.55,fxratesapi.com
2026-07-15 21:20:00,4062.48,fxratesapi.com
2026-07-15 21:30:00,4057.90,fxratesapi.com
2026-07-15 21:40:00,4059.73,fxratesapi.com
2026-07-15 21:50:05,4058.34,fxratesapi.com
2026-07-15 22:00:04,4061.87,fxratesapi.com
2026-07-15 22:10:01,4063.85,fxratesapi.com
2026-07-15 22:20:00,4064.96,fxratesapi.com
2026-07-15 22:30:00,4057.06,fxratesapi.com
2026-07-15 22:40:00,4062.73,fxratesapi.com
2026-07-15 22:50:03,4055.38,fxratesapi.com
2026-07-15 23:00:00,4056.96,fxratesapi.com
2026-07-15 23:10:00,4057.95,fxratesapi.com
2026-07-15 23:20:00,4044.73,fxratesapi.com
2026-07-15 23:30:00,4046.08,fxratesapi.com
2026-07-15 23:40:02,4048.01,fxratesapi.com
2026-07-15 23:50:04,4049.31,fxratesapi.com
2026-07-16 00:00:00,4048.86,fxratesapi.com
2026-07-16 00:10:00,4043.57,fxratesapi.com
2026-07-16 00:20:04,4037.01,fxratesapi.com
2026-07-16 00:30:00,4036.09,fxratesapi.com
2026-07-16 00:40:00,4029.37,fxratesapi.com
2026-07-16 00:50:00,4028.68,fxratesapi.com
2026-07-16 01:00:01,4032.13,fxratesapi.com
2026-07-16 01:10:04,4038.83,fxratesapi.com
2026-07-16 01:20:00,4034.15,fxratesapi.com
2026-07-16 01:30:00,4038.74,fxratesapi.com
2026-07-16 01:40:00,4057.72,fxratesapi.com
2026-07-16 01:50:02,4063.99,fxratesapi.com
2026-07-16 02:00:00,4061.51,fxratesapi.com
2026-07-16 02:10:00,4068.58,fxratesapi.com
2026-07-16 02:20:01,4067.82,fxratesapi.com
2026-07-16 02:30:04,4070.38,fxratesapi.com
2026-07-16 02:40:00,4072.62,fxratesapi.com
2026-07-16 02:50:05,4066.61,fxratesapi.com
2026-07-16 03:00:02,4063.30,fxratesapi.com
2026-07-16 03:10:01,4059.53,fxratesapi.com
2026-07-16 03:20:01,4059.25,fxratesapi.com
2026-07-16 03:30:00,4055.66,fxratesapi.com
2026-07-16 03:40:00,4050.31,fxratesapi.com
2026-07-16 03:50:04,4051.40,fxratesapi.com
2026-07-16 04:00:00,4053.82,fxratesapi.com
2026-07-16 04:10:00,4057.11,fxratesapi.com
2026-07-16 04:20:00,4058.21,fxratesapi.com
2026-07-16 04:30:00,4061.78,fxratesapi.com
2026-07-16 04:40:05,4062.17,fxratesapi.com
2026-07-16 04:50:01,4061.67,fxratesapi.com
2026-07-16 05:00:00,4061.11,fxratesapi.com
2026-07-16 05:10:00,4060.73,fxratesapi.com
2026-07-16 05:20:00,4060.77,fxratesapi.com
2026-07-16 05:30:05,4060.92,fxratesapi.com
2026-07-16 05:40:04,4062.21,fxratesapi.com
2026-07-16 05:50:02,4058.80,fxratesapi.com
2026-07-16 06:00:00,4058.57,fxratesapi.com
2026-07-16 06:10:04,4063.48,fxratesapi.com
2026-07-16 06:20:02,4063.25,fxratesapi.com
2026-07-16 06:30:04,4062.10,fxratesapi.com
2026-07-16 06:40:05,4060.43,fxratesapi.com
2026-07-16 06:50:01,4060.45,fxratesapi.com
2026-07-16 07:00:02,4060.84,fxratesapi.com
2026-07-16 07:10:00,4060.27,fxratesapi.com
2026-07-16 07:20:00,4059.87,fxratesapi.com
2026-07-16 07:30:00,4058.13,fxratesapi.com
2026-07-16 08:40:00,4060.49,fxratesapi.com
2026-07-16 08:50:00,4057.16,fxratesapi.com
2026-07-16 09:00:00,4051.06,fxratesapi.com
2026-07-16 09:10:04,4043.90,fxratesapi.com
2026-07-16 09:20:00,4044.03,fxratesapi.com
2026-07-16 09:30:05,4037.20,fxratesapi.com
2026-07-16 09:40:00,4042.76,fxratesapi.com
2026-07-16 09:50:00,4041.56,fxratesapi.com
2026-07-16 10:00:00,4040.43,fxratesapi.com
2026-07-16 10:10:01,4034.52,fxratesapi.com
2026-07-16 10:20:00,4030.38,fxratesapi.com
2026-07-16 10:30:01,4032.79,fxratesapi.com
2026-07-16 10:40:05,4031.64,fxratesapi.com
2026-07-16 10:50:03,4029.14,fxratesapi.com
2026-07-16 11:00:02,4030.75,fxratesapi.com
2026-07-16 11:10:05,4031.45,fxratesapi.com
2026-07-16 11:20:00,4031.26,fxratesapi.com
2026-07-16 11:30:00,4031.64,fxratesapi.com
2026-07-16 11:40:00,4033.92,fxratesapi.com
2026-07-16 11:50:03,4034.64,fxratesapi.com
2026-07-16 12:00:01,4036.07,fxratesapi.com
2026-07-16 12:10:00,4033.58,fxratesapi.com
2026-07-16 12:20:00,4035.47,fxratesapi.com
2026-07-16 12:30:02,4033.67,fxratesapi.com
2026-07-16 12:40:05,4033.49,fxratesapi.com
2026-07-16 12:50:00,4034.70,fxratesapi.com
2026-07-16 13:00:02,4034.73,fxratesapi.com
2026-07-16 13:10:00,4031.67,fxratesapi.com
2026-07-16 13:20:03,4031.85,fxratesapi.com
2026-07-16 13:30:04,4028.56,fxratesapi.com
2026-07-16 13:40:00,4028.67,fxratesapi.com
2026-07-16 13:50:01,4030.25,fxratesapi.com
2026-07-16 14:00:03,4028.48,fxratesapi.com
2026-07-16 14:10:02,4035.26,fxratesapi.com
2026-07-16 14:20:01,4031.25,fxratesapi.com
2026-07-16 14:30:00,4031.60,fxratesapi.com
2026-07-16 14:40:00,4025.60,fxratesapi.com
2026-07-16 14:50:03,4027.52,fxratesapi.com
2026-07-16 15:00:04,4031.12,fxratesapi.com
2026-07-16 15:10:00,4028.86,fxratesapi.com
2026-07-16 15:20:00,4024.77,fxratesapi.com
2026-07-16 15:30:04,4024.77,fxratesapi.com
2026-07-16 15:40:02,4024.14,fxratesapi.com
2026-07-16 15:50:02,4028.64,fxratesapi.com
2026-07-16 16:00:03,4029.68,fxratesapi.com
2026-07-16 16:10:00,4029.46,fxratesapi.com
2026-07-16 16:20:00,4026.25,fxratesapi.com
2026-07-16 16:30:04,4032.86,fxratesapi.com
2026-07-16 16:40:00,4033.57,fxratesapi.com
2026-07-16 16:50:00,4034.86,fxratesapi.com
2026-07-16 17:00:05,4034.09,fxratesapi.com
2026-07-16 17:10:04,4036.20,fxratesapi.com
2026-07-16 17:20:03,4037.18,fxratesapi.com
2026-07-16 17:30:01,4033.05,fxratesapi.com
2026-07-16 18:44:02,4032.19,fxratesapi.com
2026-07-16 18:50:03,4031.86,fxratesapi.com
2026-07-16 19:00:00,4031.40,fxratesapi.com
2026-07-16 19:10:00,4028.43,fxratesapi.com
2026-07-16 19:20:04,4025.80,fxratesapi.com
2026-07-16 19:30:01,4022.92,fxratesapi.com
2026-07-16 19:40:04,4031.45,fxratesapi.com
2026-07-16 19:50:00,4037.42,fxratesapi.com
2026-07-16 20:00:04,4039.52,fxratesapi.com
2026-07-16 20:10:00,4037.55,fxratesapi.com
2026-07-16 20:20:04,4019.47,fxratesapi.com
2026-07-16 20:30:04,4020.10,fxratesapi.com
2026-07-16 20:40:01,4020.85,fxratesapi.com
2026-07-16 20:50:00,4004.94,fxratesapi.com
2026-07-16 21:00:00,3995.24,fxratesapi.com
2026-07-16 21:10:02,3980.44,fxratesapi.com
2026-07-16 21:20:01,3994.61,fxratesapi.com
2026-07-16 21:30:02,4000.17,fxratesapi.com
2026-07-16 21:40:00,3992.08,fxratesapi.com
2026-07-16 21:50:00,3990.30,fxratesapi.com
2026-07-16 22:00:00,3990.17,fxratesapi.com
2026-07-16 22:10:00,3994.91,fxratesapi.com
2026-07-16 22:20:04,3992.69,fxratesapi.com
2026-07-16 22:30:00,3996.95,fxratesapi.com
2026-07-16 22:40:00,4002.48,fxratesapi.com
2026-07-16 22:50:02,4004.73,fxratesapi.com
2026-07-16 23:00:05,3995.07,fxratesapi.com
2026-07-16 23:10:00,3992.15,fxratesapi.com
2026-07-16 23:20:00,3994.12,fxratesapi.com
2026-07-16 23:30:01,4015.06,fxratesapi.com
2026-07-16 23:40:03,4012.79,fxratesapi.com
2026-07-16 23:50:02,4010.07,fxratesapi.com
2026-07-17 00:00:00,4015.30,Yahoo Finance
2026-07-17 00:10:03,3999.99,fxratesapi.com
2026-07-17 00:20:00,4002.90,Yahoo Finance
2026-07-17 00:30:00,3986.92,fxratesapi.com
2026-07-17 00:40:04,3990.50,fxratesapi.com
2026-07-17 00:50:00,3989.97,fxratesapi.com
2026-07-17 01:00:02,3995.68,fxratesapi.com
2026-07-17 01:10:00,3990.15,fxratesapi.com
2026-07-17 01:20:00,3986.79,fxratesapi.com
2026-07-17 01:30:00,3984.45,fxratesapi.com
2026-07-17 01:40:00,3982.72,fxratesapi.com
2026-07-17 01:50:00,3982.39,fxratesapi.com
2026-07-17 02:00:02,3985.75,fxratesapi.com
2026-07-17 02:10:00,3984.41,fxratesapi.com
2026-07-17 02:20:00,3986.78,fxratesapi.com
2026-07-17 02:30:00,3986.58,fxratesapi.com
2026-07-17 02:40:05,3978.21,fxratesapi.com
2026-07-17 02:50:04,3983.75,fxratesapi.com
2026-07-17 03:00:00,3982.10,fxratesapi.com
2026-07-17 03:10:01,3985.02,fxratesapi.com
2026-07-17 03:20:00,3980.89,fxratesapi.com
2026-07-17 03:30:00,3980.49,fxratesapi.com
2026-07-17 03:40:02,3970.81,fxratesapi.com
2026-07-17 03:50:02,3976.19,fxratesapi.com
2026-07-17 04:00:00,3977.75,fxratesapi.com
2026-07-17 04:10:05,3976.08,fxratesapi.com
2026-07-17 04:20:04,3973.99,fxratesapi.com
2026-07-17 04:30:00,3974.46,fxratesapi.com
2026-07-17 04:40:00,3975.78,fxratesapi.com
2026-07-17 04:50:00,3974.98,fxratesapi.com
2026-07-17 05:00:03,3975.05,fxratesapi.com
2026-07-17 05:10:00,3974.02,fxratesapi.com
2026-07-17 05:20:00,3973.97,fxratesapi.com
2026-07-17 05:30:05,3973.90,fxratesapi.com
2026-07-17 05:40:00,3973.97,fxratesapi.com
2026-07-17 05:50:00,3972.93,fxratesapi.com
2026-07-17 06:00:05,3974.03,fxratesapi.com
2026-07-17 06:10:01,3977.03,fxratesapi.com
2026-07-17 06:20:02,3976.72,fxratesapi.com
2026-07-17 06:30:00,3975.41,fxratesapi.com
2026-07-17 06:40:00,3976.36,fxratesapi.com
2026-07-17 06:50:00,3973.87,fxratesapi.com
2026-07-17 07:00:00,3976.40,fxratesapi.com
2026-07-17 07:10:04,3978.44,fxratesapi.com
2026-07-17 07:20:04,3979.47,fxratesapi.com
2026-07-17 07:30:00,3979.30,fxratesapi.com
2026-07-17 07:40:03,3979.50,fxratesapi.com
2026-07-17 07:50:01,3978.15,fxratesapi.com
2026-07-17 08:36:38,3983.41,fxratesapi.com
2026-07-17 08:40:05,3983.45,fxratesapi.com
2026-07-17 08:50:00,3985.52,fxratesapi.com
2026-07-17 09:00:05,3987.79,fxratesapi.com
2026-07-17 09:10:05,3991.37,fxratesapi.com
2026-07-17 09:20:05,3994.14,fxratesapi.com
2026-07-17 09:30:03,3990.15,fxratesapi.com
2026-07-17 09:40:00,3992.52,fxratesapi.com
2026-07-17 09:50:03,3989.77,fxratesapi.com
2026-07-17 10:00:01,3980.88,fxratesapi.com
2026-07-17 10:10:00,3982.22,fxratesapi.com
2026-07-17 10:20:01,3982.55,fxratesapi.com
2026-07-17 10:30:03,3982.57,fxratesapi.com
2026-07-17 10:40:01,3977.94,fxratesapi.com
2026-07-17 10:50:01,3975.55,fxratesapi.com
2026-07-17 11:00:00,3978.20,fxratesapi.com
2026-07-17 11:10:03,3989.75,fxratesapi.com
2026-07-17 11:20:00,3992.59,fxratesapi.com
2026-07-17 11:30:04,4002.15,fxratesapi.com
2026-07-17 11:40:05,3998.01,fxratesapi.com
2026-07-17 11:50:00,3997.56,fxratesapi.com
2026-07-17 12:00:00,3992.24,fxratesapi.com
2026-07-17 12:10:00,3990.00,fxratesapi.com
2026-07-17 12:20:00,3988.97,fxratesapi.com
2026-07-17 12:30:00,3986.64,fxratesapi.com
2026-07-17 12:40:03,3985.60,fxratesapi.com
2026-07-17 12:50:02,3983.10,fxratesapi.com
2026-07-17 13:00:00,3981.66,fxratesapi.com
2026-07-17 13:10:00,3979.40,fxratesapi.com
2026-07-17 13:20:02,3977.22,fxratesapi.com
2026-07-17 13:30:00,3978.53,fxratesapi.com
2026-07-17 13:40:00,3983.64,fxratesapi.com
2026-07-17 13:50:04,3983.13,fxratesapi.com
2026-07-17 14:00:00,3989.07,fxratesapi.com
2026-07-17 14:10:00,3991.62,fxratesapi.com
2026-07-17 14:20:00,3998.98,fxratesapi.com
2026-07-17 14:30:00,4003.31,fxratesapi.com
2026-07-17 14:40:00,4002.32,fxratesapi.com
2026-07-17 14:50:03,3997.52,fxratesapi.com
2026-07-17 15:00:00,3999.35,fxratesapi.com
2026-07-17 15:10:00,4000.15,fxratesapi.com
2026-07-17 15:20:00,3997.44,fxratesapi.com
2026-07-17 15:30:02,3996.67,fxratesapi.com
2026-07-17 15:40:02,3996.45,fxratesapi.com
2026-07-17 15:50:00,3996.38,fxratesapi.com
2026-07-17 16:00:03,3994.97,fxratesapi.com
2026-07-17 16:10:00,3997.85,fxratesapi.com
2026-07-17 16:20:00,3993.33,fxratesapi.com
2026-07-17 16:30:04,3994.54,fxratesapi.com
2026-07-17 16:40:00,3991.51,fxratesapi.com
2026-07-17 16:50:00,3992.85,fxratesapi.com
2026-07-17 17:00:00,3997.39,fxratesapi.com
2026-07-17 17:10:00,3995.99,fxratesapi.com
2026-07-17 17:20:02,3997.67,fxratesapi.com
2026-07-17 17:30:00,4001.45,fxratesapi.com
2026-07-17 19:23:14,3993.46,fxratesapi.com
2026-07-17 19:30:02,3993.72,fxratesapi.com
2026-07-17 19:40:00,3992.30,fxratesapi.com
2026-07-17 19:50:03,3994.88,fxratesapi.com
2026-07-17 20:00:00,3996.89,fxratesapi.com
2026-07-17 20:10:04,3989.28,fxratesapi.com
2026-07-17 20:20:05,3991.05,fxratesapi.com
2026-07-17 20:30:04,3985.90,fxratesapi.com
2026-07-17 20:40:00,3982.27,fxratesapi.com
2026-07-17 20:50:03,3968.81,fxratesapi.com
2026-07-17 21:00:05,3970.97,fxratesapi.com
2026-07-17 21:10:04,3971.70,fxratesapi.com
2026-07-17 21:20:03,3970.34,fxratesapi.com
2026-07-17 21:30:00,3972.45,fxratesapi.com
2026-07-17 21:40:02,3974.57,fxratesapi.com
2026-07-17 21:50:03,3983.54,fxratesapi.com
2026-07-17 22:00:05,3990.43,fxratesapi.com
2026-07-17 22:10:04,3999.05,fxratesapi.com
2026-07-17 22:20:03,3998.66,fxratesapi.com
2026-07-17 22:30:00,4000.61,fxratesapi.com
2026-07-17 22:40:04,3997.30,fxratesapi.com
2026-07-17 22:50:03,3996.21,fxratesapi.com
2026-07-17 23:00:00,3996.22,fxratesapi.com
2026-07-17 23:10:02,4008.82,fxratesapi.com
2026-07-17 23:20:03,4005.90,fxratesapi.com
2026-07-17 23:30:01,4007.07,fxratesapi.com
2026-07-17 23:40:00,4013.64,fxratesapi.com
2026-07-17 23:50:03,4015.29,fxratesapi.com
2026-07-18 00:00:02,4019.42,fxratesapi.com
2026-07-18 00:10:00,4015.72,fxratesapi.com
2026-07-18 00:30:04,4018.41,fxratesapi.com
2026-07-18 00:40:00,4015.77,fxratesapi.com
2026-07-18 00:50:05,4017.07,fxratesapi.com
2026-07-18 01:00:00,4015.31,fxratesapi.com
2026-07-18 01:10:03,4017.07,fxratesapi.com
2026-07-18 01:20:03,4014.87,fxratesapi.com
2026-07-18 01:30:03,4015.26,fxratesapi.com
2026-07-18 01:40:01,4010.96,fxratesapi.com
2026-07-18 01:50:03,4011.19,fxratesapi.com
2026-07-18 02:00:00,4009.04,fxratesapi.com
2026-07-18 02:10:00,4010.31,fxratesapi.com
2026-07-18 02:20:03,4009.88,fxratesapi.com
2026-07-18 02:30:00,4012.12,fxratesapi.com
2026-07-18 02:40:00,4012.58,fxratesapi.com
2026-07-18 02:50:03,4007.52,fxratesapi.com
2026-07-18 03:00:00,4010.49,fxratesapi.com
2026-07-18 03:10:03,4006.77,fxratesapi.com
2026-07-18 03:20:03,4006.26,fxratesapi.com
2026-07-18 03:30:00,4004.18,fxratesapi.com
2026-07-18 03:40:05,4008.11,fxratesapi.com
2026-07-18 03:50:03,4010.40,fxratesapi.com
2026-07-18 04:00:00,4016.11,fxratesapi.com
2026-07-18 04:10:00,4013.03,fxratesapi.com
2026-07-18 04:20:03,4012.24,fxratesapi.com
2026-07-18 04:30:00,4009.74,fxratesapi.com
2026-07-18 04:40:00,4009.96,fxratesapi.com
2026-07-18 04:50:03,4015.40,fxratesapi.com
2026-07-18 05:10:00,4010.57,fxratesapi.com
2026-07-18 05:30:03,4010.79,fxratesapi.com
2026-07-18 05:40:00,4010.55,fxratesapi.com
2026-07-18 05:50:03,4010.55,fxratesapi.com
2026-07-18 06:00:03,4010.55,fxratesapi.com
2026-07-18 06:10:05,4010.55,fxratesapi.com
2026-07-18 06:20:03,4010.55,fxratesapi.com
2026-07-18 06:30:00,4010.54,fxratesapi.com
2026-07-18 06:40:02,4010.54,fxratesapi.com
2026-07-18 06:50:04,4010.55,fxratesapi.com
2026-07-18 07:00:00,4010.55,fxratesapi.com
2026-07-18 07:10:00,4010.54,fxratesapi.com
2026-07-18 07:20:03,4010.54,fxratesapi.com
2026-07-18 07:30:02,4010.55,fxratesapi.com
2026-07-18 07:40:04,4010.55,fxratesapi.com
2026-07-18 07:50:03,4010.55,fxratesapi.com
2026-07-18 08:00:00,4010.54,fxratesapi.com
2026-07-18 08:10:05,4010.55,fxratesapi.com
2026-07-18 08:20:03,4010.54,fxratesapi.com
2026-07-18 08:30:00,4010.55,fxratesapi.com
2026-07-18 08:40:00,4010.55,fxratesapi.com
2026-07-18 08:50:03,4010.56,fxratesapi.com
2026-07-18 09:00:00,4010.54,fxratesapi.com
2026-07-18 09:10:00,4010.55,fxratesapi.com
2026-07-18 09:20:05,4010.55,fxratesapi.com
2026-07-18 09:30:00,4010.54,fxratesapi.com
2026-07-18 09:40:03,4010.55,fxratesapi.com
2026-07-18 09:50:03,4010.55,fxratesapi.com
2026-07-18 10:00:04,4010.55,fxratesapi.com
2026-07-18 10:10:00,4010.56,fxratesapi.com
2026-07-18 10:20:03,4010.55,fxratesapi.com
2026-07-18 10:30:05,4010.55,fxratesapi.com
2026-07-18 10:40:01,4010.54,fxratesapi.com
2026-07-18 10:50:03,4010.54,fxratesapi.com
2026-07-18 11:00:00,4010.55,fxratesapi.com
2026-07-18 11:10:00,4010.54,fxratesapi.com
2026-07-18 11:20:03,4010.55,fxratesapi.com
2026-07-18 11:30:05,4010.56,fxratesapi.com
2026-07-18 11:40:02,4010.56,fxratesapi.com
2026-07-18 11:50:05,4010.56,fxratesapi.com
2026-07-18 12:00:00,4010.55,fxratesapi.com
2026-07-18 12:10:00,4010.54,fxratesapi.com
2026-07-18 12:20:03,4010.54,fxratesapi.com
2026-07-18 12:30:00,4010.54,fxratesapi.com
2026-07-18 12:40:00,4010.54,fxratesapi.com
2026-07-18 12:50:05,4010.55,fxratesapi.com
2026-07-18 13:00:00,4010.55,fxratesapi.com
2026-07-18 13:10:02,4010.55,fxratesapi.com
2026-07-18 13:20:03,4010.55,fxratesapi.com
2026-07-18 13:30:00,4010.55,fxratesapi.com
2026-07-18 13:40:01,4010.55,fxratesapi.com
2026-07-18 13:50:03,4010.55,fxratesapi.com
2026-07-18 14:00:00,4010.54,fxratesapi.com
2026-07-18 14:10:00,4010.54,fxratesapi.com
2026-07-18 14:20:03,4010.55,fxratesapi.com
2026-07-18 14:30:03,4010.55,fxratesapi.com
2026-07-18 14:40:03,4010.54,fxratesapi.com
2026-07-18 14:50:03,4010.55,fxratesapi.com
2026-07-18 15:00:01,4010.55,fxratesapi.com
2026-07-18 15:10:00,4010.55,fxratesapi.com
2026-07-18 15:20:03,4010.54,fxratesapi.com
2026-07-18 15:30:00,4010.55,fxratesapi.com
2026-07-18 15:40:05,4010.55,fxratesapi.com
2026-07-18 15:50:03,4010.55,fxratesapi.com
2026-07-18 16:00:00,4010.55,fxratesapi.com
2026-07-18 16:10:00,4010.54,fxratesapi.com
2026-07-18 16:20:03,4010.54,fxratesapi.com
2026-07-18 16:30:04,4010.55,fxratesapi.com
2026-07-18 16:40:03,4010.55,fxratesapi.com
2026-07-18 16:50:05,4010.55,fxratesapi.com
2026-07-18 17:00:00,4010.56,fxratesapi.com
2026-07-18 17:10:00,4010.55,fxratesapi.com
2026-07-18 17:20:03,4010.54,fxratesapi.com
2026-07-18 17:30:01,4010.55,fxratesapi.com
2026-07-18 17:40:03,4010.55,fxratesapi.com
2026-07-18 17:50:00,4010.56,fxratesapi.com
2026-07-18 18:00:03,4010.56,fxratesapi.com
2026-07-18 18:10:04,4010.56,fxratesapi.com
2026-07-18 18:20:04,4010.56,fxratesapi.com
2026-07-18 18:30:03,4010.55,fxratesapi.com
2026-07-18 18:40:00,4010.54,fxratesapi.com
2026-07-18 18:50:03,4010.54,fxratesapi.com
2026-07-18 19:00:02,4010.55,fxratesapi.com
2026-07-18 19:10:02,4010.55,fxratesapi.com
2026-07-18 19:20:03,4010.54,fxratesapi.com
2026-07-18 19:30:04,4010.54,fxratesapi.com
2026-07-18 19:40:01,4010.53,fxratesapi.com
2026-07-18 19:50:05,4010.53,fxratesapi.com
2026-07-18 20:00:01,4010.53,fxratesapi.com
2026-07-18 20:10:01,4010.53,fxratesapi.com
2026-07-18 20:20:03,4010.53,fxratesapi.com
2026-07-18 20:30:01,4010.53,fxratesapi.com
2026-07-18 20:40:02,4010.53,fxratesapi.com
2026-07-18 20:50:03,4010.53,fxratesapi.com
2026-07-18 21:00:01,4010.53,fxratesapi.com
2026-07-18 21:10:00,4010.53,fxratesapi.com
2026-07-18 21:20:03,4010.53,fxratesapi.com
2026-07-18 21:30:05,4018.80,Yahoo Finance
2026-07-18 21:40:01,4010.53,fxratesapi.com
2026-07-18 21:50:04,4010.53,fxratesapi.com
2026-07-18 22:00:06,4010.53,fxratesapi.com
2026-07-18 22:10:02,4010.53,fxratesapi.com
2026-07-18 22:20:04,4010.53,fxratesapi.com
2026-07-18 22:30:02,4010.53,fxratesapi.com
2026-07-18 22:40:06,4010.53,fxratesapi.com
2026-07-18 22:50:04,4010.53,fxratesapi.com
2026-07-18 23:00:04,4010.53,fxratesapi.com
2026-07-18 23:10:00,4010.53,fxratesapi.com
2026-07-18 23:20:03,4010.53,fxratesapi.com
2026-07-18 23:30:00,4010.53,fxratesapi.com
2026-07-18 23:40:00,4010.53,fxratesapi.com
2026-07-18 23:50:03,4010.53,fxratesapi.com
2026-07-19 00:00:05,4010.53,fxratesapi.com
2026-07-19 00:10:00,4010.53,fxratesapi.com
2026-07-19 00:20:04,4010.53,fxratesapi.com
2026-07-19 00:30:04,4010.53,fxratesapi.com
2026-07-19 00:40:00,4010.53,fxratesapi.com
2026-07-19 00:50:03,4010.53,fxratesapi.com
2026-07-19 01:00:04,4010.53,fxratesapi.com
2026-07-19 01:10:00,4010.53,fxratesapi.com
2026-07-19 01:20:03,4010.53,fxratesapi.com
2026-07-19 01:30:00,4010.53,fxratesapi.com
2026-07-19 01:40:00,4010.53,fxratesapi.com
2026-07-19 01:50:03,4010.53,fxratesapi.com
2026-07-19 02:00:00,4010.53,fxratesapi.com
2026-07-19 02:10:00,4010.53,fxratesapi.com
2026-07-19 02:20:03,4010.53,fxratesapi.com
2026-07-19 02:30:00,4010.53,fxratesapi.com
2026-07-19 02:40:00,4010.53,fxratesapi.com
2026-07-19 02:50:03,4010.53,fxratesapi.com
2026-07-19 03:00:03,4010.53,fxratesapi.com
2026-07-19 03:10:00,4010.53,fxratesapi.com
2026-07-19 03:20:03,4010.53,fxratesapi.com
2026-07-19 03:30:00,4010.53,fxratesapi.com
2026-07-19 03:40:01,4010.53,fxratesapi.com
2026-07-19 03:50:04,4010.53,fxratesapi.com
2026-07-19 04:00:00,4010.53,fxratesapi.com
2026-07-19 04:10:00,4010.53,fxratesapi.com
2026-07-19 04:20:04,4010.53,fxratesapi.com
2026-07-19 04:30:05,4010.53,fxratesapi.com
2026-07-19 04:40:04,4010.53,fxratesapi.com
2026-07-19 04:50:03,4010.53,fxratesapi.com
2026-07-19 05:00:00,4010.53,fxratesapi.com
2026-07-19 05:10:02,4010.53,fxratesapi.com
2026-07-19 05:30:00,4010.53,fxratesapi.com
2026-07-19 05:40:00,4010.53,fxratesapi.com
2026-07-19 05:50:05,4010.53,fxratesapi.com
2026-07-19 06:00:00,4010.54,fxratesapi.com
2026-07-19 06:10:01,4018.80,Yahoo Finance
2026-07-19 06:20:03,4010.54,fxratesapi.com
2026-07-19 06:30:00,4010.54,fxratesapi.com
2026-07-19 06:40:04,4010.54,fxratesapi.com
2026-07-19 06:50:03,4010.54,fxratesapi.com
2026-07-19 07:00:00,4010.54,fxratesapi.com
2026-07-19 07:10:03,4010.54,fxratesapi.com
2026-07-19 07:20:03,4010.54,fxratesapi.com
2026-07-19 07:30:00,4010.54,fxratesapi.com
2026-07-19 07:40:00,4010.54,fxratesapi.com
2026-07-19 07:50:03,4010.54,fxratesapi.com
2026-07-19 08:00:02,4010.54,fxratesapi.com
2026-07-19 08:10:04,4010.54,fxratesapi.com
2026-07-19 08:20:03,4010.54,fxratesapi.com
2026-07-19 08:30:00,4010.54,fxratesapi.com
2026-07-19 08:40:03,4010.54,fxratesapi.com
2026-07-19 08:50:03,4010.54,fxratesapi.com
2026-07-19 09:00:00,4010.54,fxratesapi.com
2026-07-19 09:10:01,4010.54,fxratesapi.com
2026-07-19 09:20:03,4010.54,fxratesapi.com
2026-07-19 09:30:00,4010.54,fxratesapi.com
2026-07-19 09:40:00,4010.54,fxratesapi.com
2026-07-19 09:50:03,4010.54,fxratesapi.com
2026-07-19 10:00:00,4010.54,fxratesapi.com
2026-07-19 10:10:01,4010.54,fxratesapi.com
2026-07-19 10:20:03,4010.54,fxratesapi.com
2026-07-19 10:30:00,4010.54,fxratesapi.com
2026-07-19 10:40:00,4010.54,fxratesapi.com
2026-07-19 10:50:04,4010.54,fxratesapi.com
2026-07-19 11:00:05,4010.54,fxratesapi.com
2026-07-19 11:10:00,4010.54,fxratesapi.com
2026-07-19 11:20:03,4010.54,fxratesapi.com
2026-07-19 11:30:05,4010.54,fxratesapi.com
2026-07-19 11:40:00,4010.54,fxratesapi.com
2026-07-19 11:50:03,4010.54,fxratesapi.com
2026-07-19 12:00:00,4010.54,fxratesapi.com
2026-07-19 12:10:00,4010.54,fxratesapi.com
2026-07-19 12:20:03,4010.54,fxratesapi.com
2026-07-19 12:30:02,4010.54,fxratesapi.com
2026-07-19 12:40:02,4010.54,fxratesapi.com
2026-07-19 12:50:05,4010.54,fxratesapi.com
2026-07-19 13:00:03,4010.54,fxratesapi.com
2026-07-19 13:10:04,4010.54,fxratesapi.com
2026-07-19 13:20:03,4010.54,fxratesapi.com
2026-07-19 13:30:00,4010.54,fxratesapi.com
2026-07-19 13:40:01,4010.54,fxratesapi.com
2026-07-19 13:50:05,4010.54,fxratesapi.com
2026-07-19 14:00:02,4010.54,fxratesapi.com
2026-07-19 14:10:04,4010.54,fxratesapi.com
2026-07-19 14:20:03,4010.54,fxratesapi.com
2026-07-19 14:30:03,4010.54,fxratesapi.com
2026-07-19 14:40:00,4010.54,fxratesapi.com
2026-07-19 14:50:03,4010.54,fxratesapi.com
2026-07-19 15:00:00,4010.54,fxratesapi.com
2026-07-19 15:10:00,4010.54,fxratesapi.com
2026-07-19 15:20:03,4010.54,fxratesapi.com
2026-07-19 15:30:02,4010.54,fxratesapi.com
2026-07-19 15:40:00,4010.54,fxratesapi.com
2026-07-19 15:50:03,4010.54,fxratesapi.com
2026-07-19 16:00:00,4010.54,fxratesapi.com
2026-07-19 16:10:01,4010.54,fxratesapi.com
2026-07-19 16:20:04,4010.54,fxratesapi.com
2026-07-19 16:30:00,4010.54,fxratesapi.com
2026-07-19 16:40:00,4010.54,fxratesapi.com
2026-07-19 16:50:03,4010.54,fxratesapi.com
2026-07-19 17:00:00,4010.54,fxratesapi.com
2026-07-19 17:10:00,4010.54,fxratesapi.com
2026-07-19 17:20:03,4010.54,fxratesapi.com
2026-07-19 17:30:00,4010.54,fxratesapi.com
2026-07-19 17:40:00,4010.54,fxratesapi.com
2026-07-19 17:50:05,4010.54,fxratesapi.com
2026-07-19 18:00:00,4010.54,fxratesapi.com
2026-07-19 18:10:02,4010.54,fxratesapi.com
2026-07-19 18:20:03,4010.54,fxratesapi.com
2026-07-19 18:30:00,4010.54,fxratesapi.com
2026-07-19 18:40:00,4010.54,fxratesapi.com
2026-07-19 18:50:03,4010.54,fxratesapi.com
2026-07-19 19:00:00,4010.54,fxratesapi.com
2026-07-19 19:10:04,4010.54,fxratesapi.com
2026-07-19 19:20:03,4010.54,fxratesapi.com
2026-07-19 19:30:02,4010.54,fxratesapi.com
2026-07-19 19:40:05,4010.54,fxratesapi.com
2026-07-19 19:50:05,4010.54,fxratesapi.com
2026-07-19 20:00:05,4010.54,fxratesapi.com
2026-07-19 20:10:01,4010.54,fxratesapi.com
2026-07-19 20:20:03,4010.54,fxratesapi.com
2026-07-19 20:30:00,4010.54,fxratesapi.com
2026-07-19 20:40:03,4010.54,fxratesapi.com
2026-07-19 20:50:03,4010.54,fxratesapi.com
2026-07-20 08:40:04,4003.37,fxratesapi.com
2026-07-20 08:50:05,4002.46,fxratesapi.com
2026-07-20 09:00:04,4001.99,fxratesapi.com
2026-07-20 09:10:00,4012.86,fxratesapi.com
2026-07-20 09:20:05,4009.04,fxratesapi.com
2026-07-20 09:30:05,4003.03,fxratesapi.com
2026-07-20 09:40:04,4003.36,fxratesapi.com
2026-07-20 09:50:04,4001.14,fxratesapi.com
2026-07-20 10:00:05,3999.92,fxratesapi.com
2026-07-20 10:10:00,4005.86,fxratesapi.com
2026-07-20 10:20:00,4005.13,fxratesapi.com
2026-07-20 10:30:02,4006.72,fxratesapi.com
2026-07-20 10:40:00,4012.76,fxratesapi.com
2026-07-20 10:50:00,4017.25,fxratesapi.com
2026-07-20 11:00:04,4021.84,fxratesapi.com
2026-07-20 11:10:05,4019.23,fxratesapi.com
2026-07-20 11:20:05,4025.55,fxratesapi.com
2026-07-20 11:30:02,4024.11,fxratesapi.com
2026-07-20 11:40:04,4024.34,fxratesapi.com
2026-07-20 11:50:00,4027.37,fxratesapi.com
2026-07-20 12:00:04,4023.59,fxratesapi.com
2026-07-20 12:10:00,4026.01,fxratesapi.com
2026-07-20 12:20:04,4023.08,fxratesapi.com
2026-07-20 12:30:03,4023.41,fxratesapi.com
2026-07-20 12:40:00,4022.86,fxratesapi.com
2026-07-20 12:50:00,4020.44,fxratesapi.com
2026-07-20 13:00:00,4019.45,fxratesapi.com
2026-07-20 13:10:05,4018.49,fxratesapi.com
2026-07-20 13:20:01,4014.48,fxratesapi.com
2026-07-20 13:30:00,4012.17,fxratesapi.com
2026-07-20 13:40:05,4009.96,fxratesapi.com
2026-07-20 13:50:00,4009.08,fxratesapi.com
2026-07-20 14:00:00,4009.61,fxratesapi.com
2026-07-20 14:10:04,4009.29,fxratesapi.com
2026-07-20 14:20:02,4008.37,fxratesapi.com
2026-07-20 14:30:01,4007.05,fxratesapi.com
2026-07-20 14:40:04,4004.05,fxratesapi.com
2026-07-20 14:50:02,4006.78,fxratesapi.com
2026-07-20 15:00:00,4005.27,fxratesapi.com
2026-07-20 15:10:00,4006.09,fxratesapi.com
2026-07-20 15:20:00,4003.61,fxratesapi.com
2026-07-20 15:30:01,4005.44,fxratesapi.com
2026-07-20 15:40:01,4016.05,fxratesapi.com
2026-07-20 15:50:00,4021.06,fxratesapi.com
2026-07-20 16:00:04,4018.48,fxratesapi.com
2026-07-20 16:10:01,4022.22,fxratesapi.com
2026-07-20 16:20:01,4025.76,fxratesapi.com
2026-07-20 16:30:05,4024.97,fxratesapi.com
2026-07-20 16:40:00,4021.91,fxratesapi.com
2026-07-20 16:50:01,4021.05,fxratesapi.com
2026-07-20 17:00:04,4020.22,fxratesapi.com
2026-07-20 17:10:00,4016.25,fxratesapi.com
2026-07-20 17:20:01,4020.85,fxratesapi.com
2026-07-20 17:30:01,4019.31,fxratesapi.com
2026-07-20 18:17:59,4021.15,fxratesapi.com
2026-07-20 18:20:00,4020.73,fxratesapi.com
2026-07-20 18:30:04,4022.83,fxratesapi.com
2026-07-20 18:40:03,4022.18,fxratesapi.com
2026-07-20 18:50:05,4021.50,fxratesapi.com
2026-07-20 19:00:05,4023.43,fxratesapi.com
2026-07-20 19:10:03,4024.15,fxratesapi.com
2026-07-20 19:20:05,4022.31,fxratesapi.com
2026-07-20 19:30:00,4020.67,fxratesapi.com
2026-07-20 19:40:00,4032.07,fxratesapi.com
2026-07-20 19:50:03,4029.44,fxratesapi.com
2026-07-20 20:00:02,4027.36,fxratesapi.com
2026-07-20 20:10:04,4014.71,fxratesapi.com
2026-07-20 20:20:03,4011.53,fxratesapi.com
2026-07-20 20:30:02,4010.24,fxratesapi.com
2026-07-20 20:40:00,4013.61,fxratesapi.com
2026-07-20 20:50:01,4013.10,fxratesapi.com
2026-07-20 21:00:03,4009.24,fxratesapi.com
2026-07-20 21:10:00,4011.03,fxratesapi.com
2026-07-20 21:20:05,4010.79,fxratesapi.com
2026-07-20 21:30:00,4010.95,fxratesapi.com
2026-07-20 21:40:00,4011.01,fxratesapi.com
2026-07-20 21:50:00,4011.93,fxratesapi.com
2026-07-20 22:00:04,4009.58,fxratesapi.com
2026-07-20 22:10:05,4004.53,fxratesapi.com
2026-07-20 22:20:02,4000.24,fxratesapi.com
2026-07-20 22:30:00,4004.52,fxratesapi.com
2026-07-20 22:40:01,4008.79,fxratesapi.com
2026-07-20 22:50:00,4010.20,fxratesapi.com
2026-07-20 23:00:01,4007.45,fxratesapi.com
2026-07-20 23:10:00,4008.63,fxratesapi.com
2026-07-20 23:20:00,4013.84,fxratesapi.com
2026-07-20 23:30:02,4015.44,fxratesapi.com
2026-07-20 23:40:01,4013.35,fxratesapi.com
2026-07-20 23:50:02,4013.78,fxratesapi.com
2026-07-21 00:00:00,4014.85,fxratesapi.com
2026-07-21 00:10:04,4016.76,fxratesapi.com
2026-07-21 00:20:00,4012.89,fxratesapi.com
2026-07-21 00:30:00,4012.40,fxratesapi.com
2026-07-21 00:40:02,4010.23,fxratesapi.com
2026-07-21 00:50:04,4009.45,fxratesapi.com
2026-07-21 01:00:01,4008.65,fxratesapi.com
2026-07-21 01:10:05,4011.37,fxratesapi.com
2026-07-21 01:20:00,4010.09,fxratesapi.com
2026-07-21 01:30:03,4012.24,fxratesapi.com
2026-07-21 01:40:03,4012.31,fxratesapi.com
2026-07-21 01:50:05,4007.02,fxratesapi.com
2026-07-21 02:00:00,4004.81,fxratesapi.com
2026-07-21 02:10:00,4008.10,fxratesapi.com
2026-07-21 02:20:05,4010.23,fxratesapi.com
2026-07-21 02:30:00,4006.50,fxratesapi.com
2026-07-21 02:40:00,4006.03,fxratesapi.com
2026-07-21 02:50:02,4008.16,fxratesapi.com
2026-07-21 03:00:04,4007.21,fxratesapi.com
2026-07-21 03:10:00,4005.18,fxratesapi.com
2026-07-21 03:20:00,4006.84,fxratesapi.com
2026-07-21 03:30:00,4007.58,fxratesapi.com
2026-07-21 03:40:03,4012.14,fxratesapi.com
2026-07-21 03:50:00,4007.85,fxratesapi.com
2026-07-21 04:00:00,4007.45,fxratesapi.com
2026-07-21 04:10:02,4007.94,fxratesapi.com
2026-07-21 04:20:01,4007.55,fxratesapi.com
2026-07-21 04:30:00,4008.75,fxratesapi.com
2026-07-21 04:40:03,4009.06,fxratesapi.com
2026-07-21 04:50:00,4008.40,fxratesapi.com
2026-07-21 05:00:01,4008.13,fxratesapi.com
2026-07-21 05:10:05,4008.19,fxratesapi.com
2026-07-21 05:20:01,4008.19,fxratesapi.com
2026-07-21 05:30:00,4008.22,fxratesapi.com
2026-07-21 05:40:05,4008.23,fxratesapi.com
2026-07-21 05:50:00,4006.35,fxratesapi.com
2026-07-21 06:00:00,4006.43,fxratesapi.com
2026-07-21 06:10:00,4006.95,fxratesapi.com
2026-07-21 06:20:04,4006.90,fxratesapi.com
2026-07-21 06:30:04,4009.03,fxratesapi.com
2026-07-21 06:40:01,4006.93,fxratesapi.com
2026-07-21 06:50:00,4003.94,fxratesapi.com
2026-07-21 07:00:00,4000.85,fxratesapi.com
2026-07-21 07:10:00,4006.68,fxratesapi.com
2026-07-21 07:20:01,4005.33,fxratesapi.com
2026-07-21 07:30:02,4004.17,fxratesapi.com
2026-07-21 07:40:03,4007.44,fxratesapi.com
2026-07-21 07:50:02,4006.55,fxratesapi.com
2026-07-21 08:40:05,4018.97,fxratesapi.com
2026-07-21 08:50:00,4022.82,fxratesapi.com
2026-07-21 09:00:00,4024.66,fxratesapi.com
2026-07-21 09:10:03,4027.05,fxratesapi.com
2026-07-21 09:20:04,4029.26,fxratesapi.com
2026-07-21 09:30:05,4030.33,fxratesapi.com
2026-07-21 09:40:01,4028.90,fxratesapi.com
2026-07-21 09:50:02,4025.03,fxratesapi.com
2026-07-21 10:00:02,4023.46,fxratesapi.com
2026-07-21 10:10:01,4024.09,fxratesapi.com
2026-07-21 10:20:04,4024.86,fxratesapi.com
2026-07-21 10:30:02,4026.57,fxratesapi.com
2026-07-21 10:40:04,4037.89,fxratesapi.com
2026-07-21 10:50:00,4035.74,fxratesapi.com
2026-07-21 11:00:00,4035.40,fxratesapi.com
2026-07-21 11:10:00,4040.71,fxratesapi.com
2026-07-21 11:20:00,4038.14,fxratesapi.com
2026-07-21 11:30:00,4045.47,fxratesapi.com
2026-07-21 11:40:00,4043.93,fxratesapi.com
2026-07-21 11:50:04,4043.31,fxratesapi.com
2026-07-21 12:00:04,4046.20,fxratesapi.com
2026-07-21 12:10:00,4050.40,fxratesapi.com
2026-07-21 12:20:00,4046.18,fxratesapi.com
2026-07-21 12:30:03,4044.40,fxratesapi.com
2026-07-21 12:40:04,4045.86,fxratesapi.com
2026-07-21 12:50:00,4046.62,fxratesapi.com
2026-07-21 13:00:00,4047.91,fxratesapi.com
2026-07-21 13:10:04,4047.59,fxratesapi.com
2026-07-21 13:20:01,4050.82,fxratesapi.com
2026-07-21 13:30:05,4054.78,fxratesapi.com
2026-07-21 13:40:01,4060.86,fxratesapi.com
2026-07-21 13:50:00,4066.80,fxratesapi.com
2026-07-21 14:00:01,4063.86,fxratesapi.com
2026-07-21 14:10:05,4064.79,fxratesapi.com
2026-07-21 14:20:00,4071.81,fxratesapi.com
2026-07-21 14:30:01,4072.61,fxratesapi.com
2026-07-21 14:40:00,4074.29,fxratesapi.com
2026-07-21 14:50:00,4078.68,fxratesapi.com
2026-07-21 15:00:03,4079.97,fxratesapi.com
2026-07-21 15:10:05,4077.19,fxratesapi.com
2026-07-21 15:20:01,4071.62,fxratesapi.com
2026-07-21 15:30:03,4070.04,fxratesapi.com
2026-07-21 15:40:02,4074.43,fxratesapi.com
2026-07-21 15:50:00,4071.62,fxratesapi.com
2026-07-21 16:00:00,4070.56,fxratesapi.com
2026-07-21 16:10:00,4068.66,fxratesapi.com
2026-07-21 16:20:00,4067.84,fxratesapi.com
2026-07-21 16:30:00,4063.78,fxratesapi.com
2026-07-21 16:40:00,4062.19,fxratesapi.com
2026-07-21 16:50:04,4060.67,fxratesapi.com
2026-07-21 17:00:00,4062.44,fxratesapi.com
2026-07-21 17:10:04,4064.41,fxratesapi.com
2026-07-21 17:20:01,4066.57,fxratesapi.com
2026-07-21 17:30:01,4067.51,fxratesapi.com
2026-07-21 18:32:23,4067.14,fxratesapi.com
2026-07-21 18:40:04,4069.44,fxratesapi.com
2026-07-21 18:50:04,4067.78,fxratesapi.com
2026-07-21 19:00:00,4064.51,fxratesapi.com
2026-07-21 19:10:00,4058.35,fxratesapi.com
2026-07-21 19:20:02,4058.87,fxratesapi.com
2026-07-21 19:30:04,4058.68,fxratesapi.com
2026-07-21 19:40:04,4060.22,fxratesapi.com
2026-07-21 19:50:00,4054.87,fxratesapi.com
2026-07-21 20:00:00,4056.66,fxratesapi.com
2026-07-21 20:10:04,4058.84,fxratesapi.com
2026-07-21 20:20:03,4056.95,fxratesapi.com
2026-07-21 20:30:01,4062.54,fxratesapi.com
2026-07-21 20:40:00,4056.59,fxratesapi.com
2026-07-21 20:50:00,4055.06,fxratesapi.com
2026-07-21 21:00:00,4053.70,fxratesapi.com
2026-07-21 21:10:04,4059.21,fxratesapi.com
2026-07-21 21:20:00,4059.14,fxratesapi.com
2026-07-21 21:30:03,4053.43,fxratesapi.com
2026-07-21 21:40:04,4056.48,fxratesapi.com
2026-07-21 21:50:00,4046.13,fxratesapi.com
2026-07-21 22:00:00,4051.23,fxratesapi.com
2026-07-21 22:10:04,4057.76,fxratesapi.com
2026-07-21 22:20:02,4063.74,fxratesapi.com
2026-07-21 22:30:04,4066.59,fxratesapi.com
2026-07-21 22:40:00,4066.08,fxratesapi.com
2026-07-21 22:50:04,4067.25,fxratesapi.com
2026-07-21 23:00:00,4069.12,fxratesapi.com
2026-07-21 23:10:00,4067.29,fxratesapi.com
2026-07-21 23:20:00,4075.57,fxratesapi.com
2026-07-21 23:30:00,4076.99,fxratesapi.com
2026-07-21 23:40:00,4080.64,fxratesapi.com
2026-07-21 23:50:00,4075.49,fxratesapi.com
2026-07-22 00:00:01,4076.05,fxratesapi.com
2026-07-22 00:10:00,4077.39,fxratesapi.com
2026-07-22 00:20:02,4078.01,fxratesapi.com
2026-07-22 00:30:04,4075.97,fxratesapi.com
2026-07-22 00:40:00,4075.51,fxratesapi.com
2026-07-22 00:50:00,4071.73,fxratesapi.com
2026-07-22 01:00:00,4071.75,fxratesapi.com
2026-07-22 01:10:02,4071.44,fxratesapi.com
2026-07-22 01:20:00,4069.94,fxratesapi.com
2026-07-22 01:30:01,4071.64,fxratesapi.com
2026-07-22 01:40:00,4069.55,fxratesapi.com
2026-07-22 01:50:01,4067.12,fxratesapi.com
2026-07-22 02:00:00,4068.08,fxratesapi.com
2026-07-22 02:10:00,4068.46,fxratesapi.com
2026-07-22 02:20:00,4072.00,fxratesapi.com
2026-07-22 02:30:00,4085.78,fxratesapi.com
2026-07-22 02:40:04,4083.48,fxratesapi.com
2026-07-22 02:50:00,4082.00,fxratesapi.com
2026-07-22 03:00:00,4082.92,fxratesapi.com
2026-07-22 03:10:00,4084.83,fxratesapi.com
2026-07-22 03:20:00,4081.84,fxratesapi.com
2026-07-22 03:30:02,4084.06,fxratesapi.com
2026-07-22 03:40:00,4082.61,fxratesapi.com
2026-07-22 03:50:00,4083.34,fxratesapi.com
2026-07-22 04:00:00,4084.12,fxratesapi.com
2026-07-22 04:10:05,4085.66,fxratesapi.com
2026-07-22 04:20:00,4083.81,fxratesapi.com
2026-07-22 04:30:00,4082.94,fxratesapi.com
2026-07-22 04:40:00,4083.17,fxratesapi.com
2026-07-22 04:50:04,4079.50,fxratesapi.com
2026-07-22 05:00:00,4077.23,fxratesapi.com
2026-07-22 05:10:01,4077.89,fxratesapi.com
2026-07-22 05:20:00,4077.95,fxratesapi.com
2026-07-22 05:30:04,4077.94,fxratesapi.com
2026-07-22 05:40:03,4077.88,fxratesapi.com
2026-07-22 05:50:00,4077.95,fxratesapi.com
2026-07-22 06:00:00,4078.30,fxratesapi.com
2026-07-22 06:10:04,4078.59,fxratesapi.com
2026-07-22 06:20:01,4079.90,fxratesapi.com
2026-07-22 06:30:02,4081.89,fxratesapi.com
2026-07-22 06:40:00,4083.74,fxratesapi.com
2026-07-22 06:50:00,4083.35,fxratesapi.com
2026-07-22 07:00:00,4080.96,fxratesapi.com
2026-07-22 07:10:03,4081.02,fxratesapi.com
2026-07-22 07:20:05,4081.61,fxratesapi.com
2026-07-22 07:30:01,4081.84,fxratesapi.com
2026-07-22 07:40:04,4081.24,fxratesapi.com
2026-07-22 07:50:01,4081.95,fxratesapi.com
2026-07-22 08:44:25,4094.30,fxratesapi.com
2026-07-22 08:50:05,4092.66,fxratesapi.com
2026-07-22 09:00:03,4094.33,fxratesapi.com
2026-07-22 09:10:01,4114.53,fxratesapi.com
2026-07-22 09:20:00,4117.11,fxratesapi.com
2026-07-22 09:30:00,4114.26,fxratesapi.com
2026-07-22 09:40:03,4117.62,fxratesapi.com
2026-07-22 09:50:00,4122.91,fxratesapi.com
2026-07-22 10:00:00,4118.55,fxratesapi.com
2026-07-22 10:10:03,4120.27,fxratesapi.com
2026-07-22 10:20:05,4123.11,fxratesapi.com
2026-07-22 10:30:00,4124.70,fxratesapi.com
2026-07-22 10:40:02,4127.95,fxratesapi.com
2026-07-22 10:50:02,4129.33,fxratesapi.com
2026-07-22 11:00:00,4127.79,fxratesapi.com
2026-07-22 11:10:05,4138.88,fxratesapi.com
2026-07-22 11:20:05,4138.63,fxratesapi.com
2026-07-22 11:30:04,4139.27,fxratesapi.com
2026-07-22 11:40:04,4133.49,fxratesapi.com
2026-07-22 11:50:04,4133.43,fxratesapi.com
2026-07-22 12:00:05,4131.11,fxratesapi.com
2026-07-22 12:10:05,4135.10,Yahoo Finance
2026-07-22 12:20:04,4128.60,fxratesapi.com
2026-07-22 12:30:05,4128.08,fxratesapi.com
2026-07-22 12:40:04,4126.08,fxratesapi.com
2026-07-22 12:50:05,4126.38,fxratesapi.com
2026-07-22 13:00:05,4126.72,fxratesapi.com
2026-07-22 13:10:04,4128.61,fxratesapi.com
2026-07-22 13:20:04,4125.88,fxratesapi.com
2026-07-22 13:30:04,4125.38,fxratesapi.com
2026-07-22 13:40:05,4129.26,fxratesapi.com
2026-07-22 13:50:04,4132.56,fxratesapi.com
2026-07-22 14:00:04,4129.26,fxratesapi.com
2026-07-22 14:10:04,4132.06,fxratesapi.com
2026-07-22 14:20:04,4131.02,fxratesapi.com
2026-07-22 14:30:04,4117.18,fxratesapi.com
2026-07-22 14:40:04,4118.80,fxratesapi.com
2026-07-22 14:50:05,4119.51,fxratesapi.com
2026-07-22 15:00:04,4116.16,fxratesapi.com
2026-07-22 15:10:05,4113.37,fxratesapi.com
2026-07-22 15:20:05,4117.65,fxratesapi.com
2026-07-22 15:30:04,4119.23,fxratesapi.com
2026-07-22 15:40:04,4117.31,fxratesapi.com
2026-07-22 15:50:04,4111.23,fxratesapi.com
2026-07-22 16:00:04,4113.17,fxratesapi.com
2026-07-22 16:10:04,4114.49,fxratesapi.com
2026-07-22 16:20:04,4114.46,fxratesapi.com
2026-07-22 16:30:04,4116.24,fxratesapi.com
2026-07-22 16:40:04,4118.16,fxratesapi.com
2026-07-22 16:50:04,4114.00,fxratesapi.com
2026-07-22 17:00:01,4119.21,fxratesapi.com
2026-07-22 17:10:00,4119.17,fxratesapi.com
2026-07-22 17:20:05,4120.78,fxratesapi.com
2026-07-22 17:30:00,4120.67,fxratesapi.com
2026-07-22 18:42:40,4117.49,fxratesapi.com
2026-07-22 18:50:04,4117.36,fxratesapi.com
2026-07-22 19:00:00,4117.39,fxratesapi.com
2026-07-22 19:10:01,4117.90,fxratesapi.com
2026-07-22 19:20:01,4119.64,fxratesapi.com
2026-07-22 19:30:00,4119.00,fxratesapi.com
2026-07-22 19:40:02,4118.60,fxratesapi.com
2026-07-22 19:50:02,4115.72,fxratesapi.com
2026-07-22 20:00:03,4120.52,fxratesapi.com
2026-07-22 20:10:01,4125.71,fxratesapi.com
2026-07-22 20:20:03,4125.88,fxratesapi.com
2026-07-22 20:30:00,4129.39,fxratesapi.com
2026-07-22 20:40:00,4126.89,fxratesapi.com
2026-07-22 20:50:00,4124.67,fxratesapi.com
2026-07-22 21:00:00,4117.78,fxratesapi.com
2026-07-22 21:10:00,4119.04,fxratesapi.com
2026-07-22 21:20:03,4125.79,fxratesapi.com
2026-07-22 21:30:03,4132.92,fxratesapi.com
2026-07-22 21:40:03,4141.31,fxratesapi.com
2026-07-22 21:50:00,4144.19,fxratesapi.com
2026-07-22 22:00:03,4146.21,fxratesapi.com
2026-07-22 22:10:00,4160.63,fxratesapi.com
2026-07-22 22:20:00,4157.07,fxratesapi.com
2026-07-22 22:30:00,4147.44,fxratesapi.com
2026-07-22 22:40:02,4150.60,fxratesapi.com
2026-07-22 22:50:03,4151.80,fxratesapi.com
2026-07-22 23:00:01,4145.73,fxratesapi.com
2026-07-22 23:10:00,4154.65,fxratesapi.com
2026-07-22 23:20:01,4156.42,fxratesapi.com
2026-07-22 23:30:00,4159.73,fxratesapi.com
2026-07-22 23:40:00,4157.95,fxratesapi.com
2026-07-22 23:50:00,4160.01,fxratesapi.com
2026-07-23 00:00:00,4161.53,fxratesapi.com
2026-07-23 00:10:00,4158.46,fxratesapi.com
2026-07-23 00:20:00,4154.40,fxratesapi.com
2026-07-23 00:30:04,4149.98,fxratesapi.com
2026-07-23 00:40:00,4145.64,fxratesapi.com
2026-07-23 00:50:00,4146.77,fxratesapi.com
2026-07-23 01:00:04,4147.44,fxratesapi.com
2026-07-23 01:10:00,4145.54,fxratesapi.com
2026-07-23 01:20:00,4145.15,fxratesapi.com
2026-07-23 01:30:00,4144.31,fxratesapi.com
2026-07-23 01:40:05,4142.40,fxratesapi.com
2026-07-23 01:50:01,4141.52,fxratesapi.com
2026-07-23 02:00:05,4142.69,fxratesapi.com
2026-07-23 02:10:00,4138.68,fxratesapi.com
2026-07-23 02:20:03,4137.43,fxratesapi.com
2026-07-23 02:30:05,4136.13,fxratesapi.com
2026-07-23 02:40:00,4134.75,fxratesapi.com
2026-07-23 02:50:00,4137.37,fxratesapi.com
2026-07-23 03:00:00,4137.42,fxratesapi.com
2026-07-23 03:10:03,4136.60,fxratesapi.com
2026-07-23 03:20:00,4134.89,fxratesapi.com
2026-07-23 03:30:00,4133.70,fxratesapi.com
2026-07-23 03:40:02,4135.09,fxratesapi.com
2026-07-23 03:50:03,4134.08,fxratesapi.com
2026-07-23 04:00:00,4130.91,fxratesapi.com
2026-07-23 04:10:04,4136.60,Yahoo Finance
2026-07-23 04:20:00,4134.73,fxratesapi.com
2026-07-23 04:30:00,4137.25,fxratesapi.com
2026-07-23 04:40:05,4134.81,fxratesapi.com
2026-07-23 04:50:00,4129.40,fxratesapi.com
2026-07-23 05:00:02,4130.15,fxratesapi.com
2026-07-23 05:10:00,4130.56,fxratesapi.com
2026-07-23 05:20:00,4130.56,fxratesapi.com
2026-07-23 05:30:03,4130.56,fxratesapi.com
2026-07-23 05:40:00,4130.61,fxratesapi.com
2026-07-23 05:50:00,4130.53,fxratesapi.com
2026-07-23 06:00:04,4130.61,fxratesapi.com
2026-07-23 06:10:00,4122.21,fxratesapi.com
2026-07-23 06:20:00,4124.52,fxratesapi.com
2026-07-23 06:30:00,4127.67,fxratesapi.com
2026-07-23 06:40:00,4125.68,fxratesapi.com
2026-07-23 06:50:04,4124.52,fxratesapi.com
2026-07-23 07:00:00,4123.27,fxratesapi.com
2026-07-23 07:10:03,4117.32,fxratesapi.com
2026-07-23 07:20:00,4121.73,fxratesapi.com
2026-07-23 07:30:00,4121.13,fxratesapi.com
2026-07-23 08:50:05,4127.44,fxratesapi.com
2026-07-23 09:00:00,4128.54,fxratesapi.com
2026-07-23 09:10:04,4132.45,fxratesapi.com
2026-07-23 09:20:00,4135.97,fxratesapi.com
2026-07-23 09:30:04,4138.09,fxratesapi.com
2026-07-23 09:40:05,4124.88,fxratesapi.com
2026-07-23 09:50:04,4120.00,fxratesapi.com
2026-07-23 10:00:01,4116.04,fxratesapi.com
2026-07-23 10:10:04,4115.04,fxratesapi.com
2026-07-23 10:20:04,4114.69,fxratesapi.com
2026-07-23 10:30:01,4115.55,fxratesapi.com
2026-07-23 10:40:04,4116.38,fxratesapi.com
2026-07-23 10:50:00,4125.05,fxratesapi.com
2026-07-23 11:00:01,4126.85,fxratesapi.com
2026-07-23 11:10:03,4126.85,fxratesapi.com
2026-07-23 11:20:01,4129.41,fxratesapi.com
2026-07-23 11:30:01,4130.65,fxratesapi.com
2026-07-23 11:40:04,4129.13,fxratesapi.com
2026-07-23 11:50:00,4126.25,fxratesapi.com
2026-07-23 12:00:04,4125.65,fxratesapi.com
2026-07-23 12:10:05,4124.93,fxratesapi.com
2026-07-23 12:20:03,4126.42,fxratesapi.com
2026-07-23 12:30:02,4128.73,fxratesapi.com
2026-07-23 12:40:05,4126.87,fxratesapi.com
2026-07-23 12:50:00,4123.67,fxratesapi.com
2026-07-23 13:00:02,4120.61,fxratesapi.com
2026-07-23 13:10:04,4123.70,fxratesapi.com
2026-07-23 13:20:02,4122.02,fxratesapi.com
2026-07-23 13:30:05,4123.50,fxratesapi.com
2026-07-23 13:40:05,4127.50,fxratesapi.com
2026-07-23 13:50:04,4127.80,fxratesapi.com
2026-07-23 14:00:00,4121.39,fxratesapi.com
2026-07-23 14:10:05,4122.33,fxratesapi.com
2026-07-23 14:20:01,4124.62,fxratesapi.com
2026-07-23 14:30:00,4122.98,fxratesapi.com
2026-07-23 14:40:04,4122.94,fxratesapi.com
2026-07-23 14:50:00,4121.28,fxratesapi.com
2026-07-23 15:00:01,4119.75,fxratesapi.com
2026-07-23 15:10:00,4112.97,fxratesapi.com
2026-07-23 15:20:00,4111.02,fxratesapi.com
2026-07-23 15:30:04,4110.15,fxratesapi.com
2026-07-23 15:40:05,4103.18,fxratesapi.com
2026-07-23 15:50:05,4093.64,fxratesapi.com
2026-07-23 16:00:03,4095.57,fxratesapi.com
2026-07-23 16:10:03,4094.55,fxratesapi.com
2026-07-23 16:20:00,4092.10,fxratesapi.com
2026-07-23 16:30:00,4091.14,fxratesapi.com
2026-07-23 16:40:04,4091.56,fxratesapi.com
2026-07-23 16:50:00,4090.62,fxratesapi.com
2026-07-23 17:00:00,4094.19,fxratesapi.com
2026-07-23 17:10:01,4097.69,fxratesapi.com
2026-07-23 17:20:03,4095.29,fxratesapi.com
2026-07-23 17:30:01,4090.15,fxratesapi.com
2026-07-23 17:40:05,4091.67,fxratesapi.com
2026-07-23 18:12:05,4088.95,fxratesapi.com
2026-07-23 18:20:00,4091.42,fxratesapi.com
2026-07-23 18:30:00,4089.10,fxratesapi.com
2026-07-23 18:40:00,4089.41,fxratesapi.com
2026-07-23 18:50:05,4088.63,fxratesapi.com
2026-07-23 19:00:00,4093.54,fxratesapi.com
2026-07-23 19:10:03,4090.29,fxratesapi.com
2026-07-23 19:20:05,4085.74,fxratesapi.com
2026-07-23 19:30:02,4083.70,fxratesapi.com
2026-07-23 19:40:04,4081.80,fxratesapi.com
2026-07-23 19:50:00,4080.36,fxratesapi.com
2026-07-23 20:00:04,4084.80,fxratesapi.com
2026-07-23 20:10:00,4083.50,fxratesapi.com
2026-07-23 20:20:04,4076.85,fxratesapi.com
2026-07-23 20:30:04,4075.94,fxratesapi.com
2026-07-23 20:40:05,4068.02,fxratesapi.com
2026-07-23 20:50:00,4066.75,fxratesapi.com
2026-07-23 21:00:01,4065.78,fxratesapi.com
2026-07-23 21:10:03,4047.87,fxratesapi.com
2026-07-23 21:20:00,4042.82,fxratesapi.com
2026-07-24 08:40:05,4049.39,fxratesapi.com
2026-07-24 08:50:05,4049.97,fxratesapi.com
2026-07-24 09:00:01,4049.89,fxratesapi.com
2026-07-24 09:10:05,4042.86,fxratesapi.com
2026-07-24 09:20:01,4044.12,fxratesapi.com
2026-07-24 09:30:04,4045.01,fxratesapi.com
2026-07-24 09:40:00,4043.34,fxratesapi.com
2026-07-24 09:50:00,4048.78,fxratesapi.com
2026-07-24 10:00:04,4042.50,fxratesapi.com
2026-07-24 10:10:05,4043.64,fxratesapi.com
2026-07-24 10:20:02,4045.43,fxratesapi.com
2026-07-24 10:30:00,4046.93,fxratesapi.com
2026-07-24 10:40:04,4042.88,fxratesapi.com
2026-07-24 10:50:02,4041.09,fxratesapi.com
2026-07-24 11:00:02,4026.73,fxratesapi.com
2026-07-24 11:10:05,4028.57,fxratesapi.com
2026-07-24 11:20:03,4032.31,fxratesapi.com
2026-07-24 11:30:05,4030.44,fxratesapi.com
2026-07-24 11:40:05,4031.80,fxratesapi.com
2026-07-24 11:50:04,4031.29,fxratesapi.com
2026-07-24 12:00:00,4028.88,fxratesapi.com
2026-07-24 12:10:03,4029.07,fxratesapi.com
2026-07-24 12:20:01,4028.32,fxratesapi.com
2026-07-24 12:30:02,4030.05,fxratesapi.com
2026-07-24 12:40:05,4027.63,fxratesapi.com
2026-07-24 12:50:00,4026.13,fxratesapi.com
2026-07-24 13:00:05,4028.00,fxratesapi.com
2026-07-24 13:10:05,4028.06,fxratesapi.com
2026-07-24 13:20:00,4026.65,fxratesapi.com
2026-07-24 13:30:01,4027.40,fxratesapi.com
2026-07-24 13:40:00,4028.77,fxratesapi.com
2026-07-24 13:50:03,4027.59,fxratesapi.com
2026-07-24 14:10:02,4026.03,fxratesapi.com
2026-07-24 14:20:03,4030.11,fxratesapi.com
2026-07-24 14:30:05,4036.06,fxratesapi.com
2026-07-24 14:40:05,4035.67,fxratesapi.com
2026-07-24 14:50:03,4036.43,fxratesapi.com
2026-07-24 15:00:03,4036.73,fxratesapi.com
2026-07-24 15:10:05,4042.55,fxratesapi.com
2026-07-24 15:20:05,4044.76,fxratesapi.com
2026-07-24 15:30:05,4049.79,fxratesapi.com
2026-07-24 15:40:02,4051.62,fxratesapi.com
2026-07-24 15:50:05,4047.47,fxratesapi.com
2026-07-24 16:00:03,4048.49,fxratesapi.com
2026-07-24 16:10:00,4045.97,fxratesapi.com
2026-07-24 16:20:01,4047.21,fxratesapi.com
2026-07-24 16:30:03,4047.62,fxratesapi.com
2026-07-24 16:40:04,4050.99,fxratesapi.com
2026-07-24 16:50:04,4053.48,fxratesapi.com
2026-07-24 17:00:02,4057.01,fxratesapi.com
2026-07-24 17:10:00,4055.70,fxratesapi.com
2026-07-24 17:20:00,4055.02,fxratesapi.com
2026-07-24 17:30:00,4055.80,fxratesapi.com
2026-07-24 19:15:13,4060.90,fxratesapi.com
2026-07-24 20:00:05,4052.81,fxratesapi.com
2026-07-24 20:10:04,4055.73,fxratesapi.com
2026-07-24 20:20:02,4057.03,fxratesapi.com
2026-07-24 20:30:02,4058.02,fxratesapi.com
2026-07-24 20:40:05,4055.78,fxratesapi.com
2026-07-24 20:50:04,4055.04,fxratesapi.com
2026-07-24 21:00:01,4053.62,fxratesapi.com
2026-07-24 21:10:05,4047.20,fxratesapi.com
2026-07-24 21:20:00,4046.12,fxratesapi.com
2026-07-24 21:30:05,4047.70,fxratesapi.com
2026-07-24 21:40:01,4050.95,fxratesapi.com
2026-07-24 21:50:01,4052.96,fxratesapi.com
2026-07-24 22:00:03,4059.37,fxratesapi.com
2026-07-24 22:10:00,4062.75,fxratesapi.com
2026-07-24 22:20:00,4059.22,fxratesapi.com
2026-07-24 22:30:00,4066.60,fxratesapi.com
2026-07-24 22:40:01,4065.59,fxratesapi.com
2026-07-24 22:50:00,4059.89,fxratesapi.com
2026-07-24 23:00:00,4062.39,fxratesapi.com
2026-07-24 23:10:00,4063.80,fxratesapi.com
2026-07-24 23:20:03,4077.46,fxratesapi.com
2026-07-24 23:30:00,4074.30,fxratesapi.com
2026-07-24 23:40:02,4075.51,fxratesapi.com
2026-07-24 23:50:00,4072.03,fxratesapi.com
2026-07-25 00:00:05,4076.25,fxratesapi.com
2026-07-25 00:10:01,4076.32,fxratesapi.com
2026-07-25 00:20:00,4074.44,fxratesapi.com
2026-07-25 00:30:00,4077.82,fxratesapi.com
2026-07-25 00:40:01,4069.88,fxratesapi.com
2026-07-25 00:50:02,4066.59,fxratesapi.com
2026-07-25 01:00:04,4066.51,fxratesapi.com
2026-07-25 01:10:01,4065.46,fxratesapi.com
2026-07-25 01:20:01,4064.21,fxratesapi.com
2026-07-25 01:30:01,4069.12,fxratesapi.com
2026-07-25 01:40:04,4068.40,fxratesapi.com
2026-07-25 01:50:00,4066.55,fxratesapi.com
2026-07-25 02:00:00,4064.82,fxratesapi.com
2026-07-25 02:10:00,4063.90,fxratesapi.com
2026-07-25 02:20:03,4062.67,fxratesapi.com
2026-07-25 02:30:00,4056.55,fxratesapi.com
2026-07-25 02:40:04,4055.65,fxratesapi.com
2026-07-25 02:50:05,4054.90,fxratesapi.com
2026-07-25 03:00:00,4054.92,fxratesapi.com
2026-07-25 03:10:02,4054.44,fxratesapi.com
2026-07-25 03:20:00,4050.18,fxratesapi.com
2026-07-25 03:30:05,4050.82,fxratesapi.com
2026-07-25 03:40:00,4055.25,fxratesapi.com
2026-07-25 03:50:02,4057.02,fxratesapi.com
2026-07-25 04:00:05,4053.26,fxratesapi.com
2026-07-25 04:10:00,4054.07,fxratesapi.com
2026-07-25 04:20:01,4052.91,fxratesapi.com
2026-07-25 04:30:01,4054.51,fxratesapi.com
2026-07-25 04:40:01,4053.91,fxratesapi.com
2026-07-25 04:50:00,4055.58,fxratesapi.com
2026-07-25 05:00:00,4052.93,fxratesapi.com
2026-07-25 05:10:00,4055.79,fxratesapi.com
2026-07-25 05:30:00,4055.93,fxratesapi.com
2026-07-25 05:40:00,4055.93,fxratesapi.com
2026-07-25 05:50:00,4055.93,fxratesapi.com
2026-07-25 06:00:02,4055.93,fxratesapi.com
2026-07-25 06:10:03,4055.93,fxratesapi.com
2026-07-25 06:20:04,4055.93,fxratesapi.com
2026-07-25 06:30:05,4055.93,fxratesapi.com
2026-07-25 06:40:00,4055.93,fxratesapi.com
2026-07-25 06:50:00,4055.93,fxratesapi.com
2026-07-25 07:00:01,4055.93,fxratesapi.com
2026-07-25 07:10:05,4055.93,fxratesapi.com
2026-07-25 07:20:00,4055.93,fxratesapi.com
2026-07-25 07:30:00,4055.93,fxratesapi.com
2026-07-25 07:40:01,4055.93,fxratesapi.com
2026-07-25 07:50:00,4055.93,fxratesapi.com
2026-07-25 08:00:03,4055.93,fxratesapi.com
2026-07-25 08:10:05,4055.93,fxratesapi.com
2026-07-25 08:20:00,4055.93,fxratesapi.com
2026-07-25 08:30:00,4055.93,fxratesapi.com
2026-07-25 08:40:05,4055.93,fxratesapi.com
2026-07-25 08:50:00,4055.93,fxratesapi.com
2026-07-25 09:00:00,4055.93,fxratesapi.com
2026-07-25 09:10:00,4055.93,fxratesapi.com
2026-07-25 09:20:00,4055.93,fxratesapi.com
2026-07-25 09:30:01,4055.93,fxratesapi.com
2026-07-25 09:40:02,4055.93,fxratesapi.com
2026-07-25 09:50:04,4055.93,fxratesapi.com
2026-07-25 10:00:00,4055.93,fxratesapi.com
2026-07-25 10:10:05,4055.93,fxratesapi.com
2026-07-25 10:20:04,4055.93,fxratesapi.com
2026-07-25 10:30:01,4055.93,fxratesapi.com
2026-07-25 10:40:00,4055.93,fxratesapi.com
2026-07-25 10:50:05,4055.93,fxratesapi.com
2026-07-25 11:00:00,4055.93,fxratesapi.com
2026-07-25 11:10:03,4055.93,fxratesapi.com
2026-07-25 11:20:05,4055.93,fxratesapi.com
2026-07-25 11:30:04,4055.93,fxratesapi.com
2026-07-25 11:40:00,4055.93,fxratesapi.com
2026-07-25 11:50:01,4055.93,fxratesapi.com
2026-07-25 12:00:02,4055.93,fxratesapi.com
2026-07-25 12:10:00,4055.93,fxratesapi.com
2026-07-25 12:20:02,4055.93,fxratesapi.com
2026-07-25 12:30:00,4055.93,fxratesapi.com
2026-07-25 12:40:00,4055.93,fxratesapi.com
2026-07-25 12:50:00,4055.93,fxratesapi.com
2026-07-25 13:00:00,4055.93,fxratesapi.com
2026-07-25 13:10:05,4055.93,fxratesapi.com
2026-07-25 13:20:00,4055.93,fxratesapi.com
2026-07-25 13:30:03,4055.93,fxratesapi.com
2026-07-25 13:40:00,4055.93,fxratesapi.com
2026-07-25 13:50:02,4055.93,fxratesapi.com
2026-07-25 14:00:00,4055.93,fxratesapi.com
2026-07-25 14:10:05,4055.93,fxratesapi.com
2026-07-25 14:20:04,4055.93,fxratesapi.com
2026-07-25 14:30:01,4055.93,fxratesapi.com
2026-07-25 14:40:02,4055.93,fxratesapi.com
2026-07-25 14:50:00,4055.93,fxratesapi.com
2026-07-25 15:00:00,4055.93,fxratesapi.com
2026-07-25 15:10:02,4055.93,fxratesapi.com
2026-07-25 15:20:00,4055.93,fxratesapi.com
2026-07-25 15:30:00,4055.93,fxratesapi.com
2026-07-25 15:40:02,4055.93,fxratesapi.com
2026-07-25 15:50:00,4055.93,fxratesapi.com
2026-07-25 16:00:00,4055.93,fxratesapi.com
2026-07-25 16:10:04,4055.93,fxratesapi.com
2026-07-25 16:20:02,4055.93,fxratesapi.com
2026-07-25 16:30:05,4055.93,fxratesapi.com
2026-07-25 16:40:05,4055.93,fxratesapi.com
2026-07-25 16:50:05,4055.93,fxratesapi.com
2026-07-25 17:00:00,4055.93,fxratesapi.com
2026-07-25 17:10:00,4055.93,fxratesapi.com
2026-07-25 17:20:03,4055.93,fxratesapi.com
2026-07-25 17:30:01,4055.93,fxratesapi.com
2026-07-25 17:40:00,4055.93,fxratesapi.com
2026-07-25 17:50:01,4055.93,fxratesapi.com
2026-07-25 18:00:04,4055.93,fxratesapi.com
2026-07-25 18:10:03,4055.93,fxratesapi.com
2026-07-25 18:20:00,4055.93,fxratesapi.com
2026-07-25 18:30:03,4055.93,fxratesapi.com
2026-07-25 18:40:00,4055.92,fxratesapi.com
2026-07-25 18:50:04,4055.92,fxratesapi.com
2026-07-25 19:00:04,4055.92,fxratesapi.com
2026-07-25 19:10:01,4055.92,fxratesapi.com
2026-07-25 19:20:00,4055.92,fxratesapi.com
2026-07-25 19:30:04,4055.92,fxratesapi.com
2026-07-25 19:40:00,4055.92,fxratesapi.com
2026-07-25 19:50:05,4055.92,fxratesapi.com
2026-07-25 20:00:05,4055.92,fxratesapi.com
2026-07-25 20:10:00,4055.92,fxratesapi.com
2026-07-25 20:20:03,4055.92,fxratesapi.com
2026-07-25 20:30:00,4055.92,fxratesapi.com
2026-07-25 20:40:01,4055.92,fxratesapi.com
2026-07-25 20:50:00,4055.92,fxratesapi.com
2026-07-25 21:00:02,4055.92,fxratesapi.com
2026-07-25 21:10:00,4055.92,fxratesapi.com
2026-07-25 21:20:00,4055.92,fxratesapi.com
2026-07-25 21:30:03,4055.92,fxratesapi.com
2026-07-25 21:40:00,4055.92,fxratesapi.com
2026-07-25 21:50:00,4055.92,fxratesapi.com
2026-07-25 22:00:05,4055.92,fxratesapi.com
2026-07-25 22:10:05,4055.92,fxratesapi.com
2026-07-25 22:20:05,4055.92,fxratesapi.com
2026-07-25 22:30:05,4055.92,fxratesapi.com
2026-07-25 22:40:04,4055.92,fxratesapi.com
2026-07-25 22:50:04,4055.92,fxratesapi.com
2026-07-25 23:00:02,4055.92,fxratesapi.com
2026-07-25 23:10:01,4070.80,Yahoo Finance
2026-07-25 23:20:00,4055.92,fxratesapi.com
2026-07-25 23:30:00,4055.92,fxratesapi.com
2026-07-25 23:40:04,4055.92,fxratesapi.com
2026-07-25 23:50:00,4055.92,fxratesapi.com
2026-07-26 00:00:01,4055.92,fxratesapi.com
2026-07-26 00:10:00,4055.92,fxratesapi.com
2026-07-26 00:20:04,4055.92,fxratesapi.com
2026-07-26 00:30:05,4055.92,fxratesapi.com
2026-07-26 00:40:01,4055.92,fxratesapi.com
2026-07-26 00:50:02,4055.92,fxratesapi.com
2026-07-26 01:00:03,4055.92,fxratesapi.com
2026-07-26 01:10:01,4055.92,fxratesapi.com
2026-07-26 01:20:00,4055.92,fxratesapi.com
2026-07-26 01:30:01,4055.92,fxratesapi.com
2026-07-26 01:40:00,4055.92,fxratesapi.com
2026-07-26 01:50:04,4055.92,fxratesapi.com
2026-07-26 02:00:05,4055.92,fxratesapi.com
2026-07-26 02:10:05,4055.92,fxratesapi.com
2026-07-26 02:20:00,4055.92,fxratesapi.com
2026-07-26 02:30:04,4055.92,fxratesapi.com
2026-07-26 02:40:03,4055.92,fxratesapi.com
2026-07-26 02:50:00,4055.92,fxratesapi.com
2026-07-26 03:00:01,4055.92,fxratesapi.com
2026-07-26 03:10:04,4055.92,fxratesapi.com
2026-07-26 03:20:00,4055.92,fxratesapi.com
2026-07-26 03:30:01,4055.92,fxratesapi.com
2026-07-26 03:40:00,4055.92,fxratesapi.com
2026-07-26 03:50:03,4055.92,fxratesapi.com
2026-07-26 04:00:00,4055.92,fxratesapi.com
2026-07-26 04:10:02,4055.92,fxratesapi.com
2026-07-26 04:20:00,4055.92,fxratesapi.com
2026-07-26 04:30:00,4055.92,fxratesapi.com
2026-07-26 04:40:04,4055.92,fxratesapi.com
2026-07-26 04:50:00,4055.92,fxratesapi.com
2026-07-26 05:00:01,4055.92,fxratesapi.com
2026-07-26 05:10:00,4055.92,fxratesapi.com
2026-07-26 05:20:00,4055.92,fxratesapi.com
2026-07-26 05:30:03,4055.92,fxratesapi.com
2026-07-26 05:40:00,4055.92,fxratesapi.com
2026-07-26 05:50:00,4055.92,fxratesapi.com
2026-07-26 06:00:02,4055.92,fxratesapi.com
2026-07-26 06:10:00,4055.92,fxratesapi.com
2026-07-26 06:20:01,4055.92,fxratesapi.com
2026-07-26 06:30:00,4055.92,fxratesapi.com
2026-07-26 06:40:00,4055.92,fxratesapi.com
2026-07-26 06:50:05,4055.92,fxratesapi.com
2026-07-26 07:00:01,4055.92,fxratesapi.com
2026-07-26 07:10:03,4055.92,fxratesapi.com
2026-07-26 07:20:00,4055.92,fxratesapi.com
2026-07-26 07:30:04,4055.92,fxratesapi.com
2026-07-26 07:40:00,4055.92,fxratesapi.com
2026-07-26 07:50:05,4055.92,fxratesapi.com
2026-07-26 08:00:05,4055.92,fxratesapi.com
2026-07-26 08:10:00,4055.92,fxratesapi.com
2026-07-26 08:20:00,4055.92,fxratesapi.com
2026-07-26 08:30:00,4055.92,fxratesapi.com
2026-07-26 08:40:02,4055.92,fxratesapi.com
2026-07-26 08:50:02,4055.92,fxratesapi.com
2026-07-26 09:00:00,4055.92,fxratesapi.com
2026-07-26 09:10:00,4055.92,fxratesapi.com
2026-07-26 09:20:00,4055.92,fxratesapi.com
2026-07-26 09:30:04,4055.92,fxratesapi.com
2026-07-26 09:40:00,4055.92,fxratesapi.com
2026-07-26 09:50:00,4055.92,fxratesapi.com
2026-07-26 10:00:04,4055.92,fxratesapi.com
2026-07-26 10:10:03,4055.92,fxratesapi.com
2026-07-26 10:20:00,4055.92,fxratesapi.com
2026-07-26 10:30:00,4055.92,fxratesapi.com
2026-07-26 10:40:02,4055.92,fxratesapi.com
2026-07-26 10:50:01,4055.92,fxratesapi.com
2026-07-26 11:00:00,4055.92,fxratesapi.com
2026-07-26 11:10:00,4055.92,fxratesapi.com
2026-07-26 11:20:00,4055.92,fxratesapi.com
2026-07-26 11:30:04,4055.92,fxratesapi.com
2026-07-26 11:40:01,4055.92,fxratesapi.com
2026-07-26 11:50:00,4055.92,fxratesapi.com
2026-07-26 12:00:00,4055.92,fxratesapi.com
2026-07-26 12:10:00,4055.92,fxratesapi.com
2026-07-26 12:20:00,4055.92,fxratesapi.com
2026-07-26 12:30:05,4055.92,fxratesapi.com
2026-07-26 12:40:00,4055.92,fxratesapi.com
2026-07-26 12:50:00,4055.92,fxratesapi.com
2026-07-26 13:00:01,4055.92,fxratesapi.com
2026-07-26 13:10:00,4055.92,fxratesapi.com
2026-07-26 13:20:00,4055.92,fxratesapi.com
2026-07-26 13:30:01,4055.92,fxratesapi.com
2026-07-26 13:40:00,4055.92,fxratesapi.com
2026-07-26 13:50:01,4055.92,fxratesapi.com
2026-07-26 14:00:04,4055.92,fxratesapi.com
2026-07-26 14:10:00,4055.92,fxratesapi.com
2026-07-26 14:20:04,4055.92,fxratesapi.com
2026-07-26 14:30:03,4055.92,fxratesapi.com
2026-07-26 14:40:05,4055.92,fxratesapi.com
2026-07-26 14:50:05,4055.92,fxratesapi.com
2026-07-26 15:00:01,4055.92,fxratesapi.com
2026-07-26 15:10:04,4055.92,fxratesapi.com
2026-07-26 15:20:02,4055.92,fxratesapi.com
2026-07-26 15:30:05,4055.92,fxratesapi.com
2026-07-26 15:40:00,4055.92,fxratesapi.com
2026-07-26 15:50:01,4055.92,fxratesapi.com
2026-07-26 16:00:04,4055.92,fxratesapi.com
2026-07-26 16:10:04,4055.92,fxratesapi.com
2026-07-26 16:20:00,4055.92,fxratesapi.com
2026-07-26 16:30:00,4055.92,fxratesapi.com
2026-07-26 16:40:04,4055.92,fxratesapi.com
2026-07-26 16:50:00,4055.92,fxratesapi.com
2026-07-26 17:00:00,4055.92,fxratesapi.com
2026-07-26 17:10:00,4055.92,fxratesapi.com
2026-07-26 17:20:00,4055.92,fxratesapi.com
2026-07-26 17:30:03,4055.92,fxratesapi.com
2026-07-26 17:40:00,4055.92,fxratesapi.com
2026-07-26 17:50:01,4055.92,fxratesapi.com
2026-07-26 18:00:00,4055.92,fxratesapi.com
2026-07-26 18:10:00,4055.92,fxratesapi.com
2026-07-26 18:20:00,4055.92,fxratesapi.com
2026-07-26 18:30:01,4055.92,fxratesapi.com
2026-07-26 18:40:03,4055.92,fxratesapi.com
2026-07-26 18:50:00,4055.92,fxratesapi.com
2026-07-26 19:00:00,4055.92,fxratesapi.com
2026-07-26 19:10:00,4055.92,fxratesapi.com
2026-07-26 19:20:00,4055.92,fxratesapi.com
2026-07-26 19:30:03,4055.92,fxratesapi.com
2026-07-26 19:40:00,4055.92,fxratesapi.com
2026-07-26 19:50:00,4055.92,fxratesapi.com
2026-07-26 20:00:05,4055.92,fxratesapi.com
2026-07-26 20:10:02,4055.92,fxratesapi.com
2026-07-26 20:20:03,4055.92,fxratesapi.com
2026-07-26 20:30:02,4055.92,fxratesapi.com
2026-07-26 20:40:01,4055.92,fxratesapi.com
2026-07-26 20:50:03,4055.92,fxratesapi.com
2026-07-26 21:00:00,4055.92,fxratesapi.com
2026-07-26 21:10:05,4055.92,fxratesapi.com
2026-07-26 21:20:02,4055.92,fxratesapi.com
2026-07-26 21:30:00,4055.92,fxratesapi.com
2026-07-26 21:40:00,4055.92,fxratesapi.com
2026-07-26 21:50:00,4070.80,Yahoo Finance
2026-07-26 22:00:04,4055.92,fxratesapi.com
2026-07-26 22:10:00,4055.92,fxratesapi.com
2026-07-26 22:20:00,4055.92,fxratesapi.com
2026-07-26 22:30:05,4055.92,fxratesapi.com
2026-07-26 22:40:05,4055.92,fxratesapi.com
2026-07-26 22:50:00,4055.92,fxratesapi.com
2026-07-26 23:00:03,4055.92,fxratesapi.com
2026-07-26 23:10:01,4055.92,fxratesapi.com
2026-07-26 23:20:03,4055.92,fxratesapi.com
2026-07-26 23:30:05,4055.92,fxratesapi.com
2026-07-26 23:40:00,4055.92,fxratesapi.com
2026-07-26 23:50:05,4055.92,fxratesapi.com
2026-07-27 00:00:00,4055.92,fxratesapi.com
2026-07-27 00:10:03,4055.92,fxratesapi.com
2026-07-27 00:20:00,4055.92,fxratesapi.com
2026-07-27 00:30:01,4055.92,fxratesapi.com
2026-07-27 00:40:02,4055.92,fxratesapi.com
2026-07-27 00:50:00,4055.92,fxratesapi.com
2026-07-27 01:00:01,4055.92,fxratesapi.com
2026-07-27 01:10:05,4055.92,fxratesapi.com
2026-07-27 01:20:05,4055.92,fxratesapi.com
2026-07-27 01:30:00,4055.92,fxratesapi.com
2026-07-27 01:40:02,4055.92,fxratesapi.com
2026-07-27 01:50:00,4055.92,fxratesapi.com
2026-07-27 02:00:00,4055.92,fxratesapi.com
2026-07-27 02:10:00,4055.91,fxratesapi.com
2026-07-27 02:20:04,4055.92,fxratesapi.com
2026-07-27 02:30:00,4055.92,fxratesapi.com
2026-07-27 02:40:00,4055.92,fxratesapi.com
2026-07-27 02:50:05,4055.91,fxratesapi.com
2026-07-27 03:00:00,4055.92,fxratesapi.com
2026-07-27 03:10:01,4055.92,fxratesapi.com
2026-07-27 03:20:01,4056.01,fxratesapi.com
2026-07-27 03:30:00,4055.92,fxratesapi.com
2026-07-27 03:40:00,4055.95,fxratesapi.com
2026-07-27 03:50:01,4055.92,fxratesapi.com
2026-07-27 04:00:00,4055.93,fxratesapi.com
2026-07-27 04:10:03,4055.92,fxratesapi.com
2026-07-27 04:20:00,4055.92,fxratesapi.com
2026-07-27 04:30:02,4055.93,fxratesapi.com
2026-07-27 04:40:04,4055.92,fxratesapi.com
2026-07-27 04:50:00,4055.88,fxratesapi.com
2026-07-27 05:00:00,4055.92,fxratesapi.com
2026-07-27 05:10:01,4055.87,fxratesapi.com
2026-07-27 05:30:05,4070.80,Yahoo Finance
2026-07-27 05:40:02,4055.90,fxratesapi.com
2026-07-27 05:50:04,4055.84,fxratesapi.com
2026-07-27 06:00:01,4055.92,fxratesapi.com
2026-07-27 06:10:01,4088.68,fxratesapi.com
2026-07-27 06:20:01,4084.77,fxratesapi.com
2026-07-27 06:30:02,4086.67,fxratesapi.com
2026-07-27 06:40:01,4092.14,fxratesapi.com
2026-07-27 06:50:03,4091.86,fxratesapi.com
2026-07-27 07:00:02,4089.68,fxratesapi.com
2026-07-27 07:10:00,4088.15,fxratesapi.com
2026-07-27 07:20:00,4084.85,fxratesapi.com
2026-07-27 07:30:04,4085.01,fxratesapi.com
2026-07-27 07:40:05,4087.22,fxratesapi.com
2026-07-27 07:50:02,4091.74,fxratesapi.com
2026-07-27 08:50:01,4101.93,fxratesapi.com
2026-07-27 09:00:00,4104.60,fxratesapi.com
2026-07-27 09:10:02,4111.11,fxratesapi.com
2026-07-27 09:20:05,4106.41,fxratesapi.com
2026-07-27 09:30:00,4098.01,fxratesapi.com
